Workbook

Sheet Dashboard
U1: CHART DATA (linked)
B2: FIELD SERVICE DASHBOARD
B3: July 2026 • Solar Module Complaints & Defect Analysis | U3: Site | V3: Modules | W3: Plant | X3: Modules
U4: Blupine | V4: 1845 | W4: P1 | X4: 1
B5: Total Complaints | E5: Closed Modules | H5: WIP / Open | K5: Closure Rate | N5: Avg Resolution | U5: First Energy | V5: 834 | W5: P2 | X5: 1604
B6: ='MSI Report'!B10 -> 881 | E6: ='MSI Report'!B11 -> 858 | H6: ='MSI Report'!B12 -> 23 | K6: ='MSI Report'!D10 -> 0.9738933 | N6: ='MSI Report'!G6 -> 64.1 | U6: Continuum | V6: 596 | W6: P4 | X6: 1351
U7: Ayana | V7: 367
B8: Daily Complaints Trend - July 2026 | U8: NTPC Limited | V8: 197
U9: Asian Fab Tec Ltd | V9: 59
U10: Madhav Infra Projects Ltd. | V10: 37
U11: WBSEDCL | V11: 32
U12: State | V12: Modules | W12: Defect Type | X12: G2B | Y12: G2TB | Z12: G2G
U13: Gujarat | V13: 1688 | W13: Cold Soldering | X13: 2182 | Y13: 250 | Z13: 82
U14: Karnataka | V14: 688 | W14: JB Issue | X14: 215 | Y14: 67 | Z14: 31
U15: MP | V15: 502 | W15: No Issue | X15: 110 | Y15: 11 | Z15: 12
U16: J&K | V16: 192 | W16: Tab lead Burn | X16: 18 | Y16: 17 | Z16: 0
U17: West Bengal | V17: 32 | W17: Low Generation | X17: 4 | Y17: 1 | Z17: 3
U18: Kerala | V18: 21 | W18: Glass Breakage | X18: 1 | Y18: 0 | Z18: 0
U19: Maharashtra | V19: 6
U20: Bihar | V20: 1
U22: Defect Type | V22: Count
B23: Complaints by Site | H23: Complaints by State | N23: Defect Type Mix | U23: Cold Soldering | V23: 2514
U24: JB Issue | V24: 313
U25: Tab lead Burn | V25: 35
U26: Glass Breakage | V26: 1
U27: Others | V27: 145
U29: TAT Range | V29: Modules
B40: Resolution Time (TAT) Distribution | H40: Weekly Complaint Volume
B58: MANUFACTURING PLANT-WISE | K58: MODULE TYPE DEFECT ANALYSIS - July 2026

Sheet MSI Report
A1: Monthly MIS Report - Solar PV Warranty Claims
B4: KEY PERFORMANCE INDICATORS
B5: Total Complaints | C5: Closed | D5: WIP / Open | E5: Repairable Defects | F5: Closure Rate | G5: Avg Resolution Day
B6: =B10 -> 881 | C6: =B11 -> 858 | D6: =B12 -> 23 | E6: =COUNTIFS('Monthly Report July-26'!W:W,"Repair",'Monthly Report July-26'!X:X,">="&DATE(2026,7,1),'Monthly Report July-26'!X:X,"<="&DATE(2026,7,31)) -> 719 | F6: =D10 -> 0.9738933 | G6: =ROUND(AVERAGEIF('Monthly Report July-26'!Y:Y,">=0"),1) -> 64.1
A8: 1. COMPLAINT STATUS SUMMARY
A9: Metric | B9: Value | C9: Metric | D9: Value
A10: Total Complaints (July) | B10: =SUM(B11,B12) -> 881 | C10: Closure Rate | D10: =B11/B10 -> 0.9738933
A11: Closed Modules | B11: =COUNTIFS('Monthly Report July-26'!F:F,"Closed",'Monthly Report July-26'!X:X,">="&DATE(2026,7,1),'Monthly Report July-26'!X:X,"<="&DATE(2026,7,31)) -> 858 | C11: WIP Rate | D11: =B12/B10 -> 0.026106697
A12: WIP Modules | B12: =COUNTIF('Monthly Report July-26'!F:F,"WIP") -> 23
A13: State covered | B13: =COUNTA(_xlfn.UNIQUE('Monthly Report July-26'!L2:L906)) -> 11
A16: By Customer | H16: By State
A17: COMPLAINTS BY SITE | H17: COMPLAINTS BY STATE
A18: Site | B18: Modules | C18: Closed | D18: WIP | H18: State | I18: Modules | J18: % Share | O18: =COUNTIFS(#REF!,#REF!,#REF!,"Closed",#REF!,">="&DATE(2026,4,1),#REF!,"<="&DATE(2026,4,30)) -> #REF!
A19: True Sun Trading Company | B19: =COUNTIF('Monthly Report July-26'!$C$2:$C$906,A19) -> 1 | C19: =COUNTIFS('Monthly Report July-26'!$C:$C,A19,'Monthly Report July-26'!$F:$F,"Closed",'Monthly Report July-26'!$X:$X,">="&DATE(2026,7,1),'Monthly Report July-26'!$X:$X,"<="&DATE(2026,7,31)) -> 1 | D19: =COUNTIFS('Monthly Report July-26'!$C:$C,A19,'Monthly Report July-26'!$F:$F,"WIP") -> 0 | H19: Kerala | I19: =COUNTIFS('Monthly Report July-26'!$L:$L,H19,'Monthly Report July-26'!$F:$F,"Closed",'Monthly Report July-26'!$X:$X,">="&DATE(2026,7,1),'Monthly Report July-26'!$X:$X,"<="&DATE(2026,7,31)) -> 3 | J19: =I19/$I$29 -> 0.0034965035
A20: Ayana | B20: =COUNTIF('Monthly Report July-26'!$C$2:$C$906,A20) -> 224 | C20: =COUNTIFS('Monthly Report July-26'!$C:$C,A20,'Monthly Report July-26'!$F:$F,"Closed",'Monthly Report July-26'!$X:$X,">="&DATE(2026,7,1),'Monthly Report July-26'!$X:$X,"<="&DATE(2026,7,31)) -> 224 | D20: =COUNTIFS('Monthly Report July-26'!$C:$C,A20,'Monthly Report July-26'!$F:$F,"WIP") -> 0 | H20: Gujarat | I20: =COUNTIFS('Monthly Report July-26'!$L:$L,H20,'Monthly Report July-26'!$F:$F,"Closed",'Monthly Report July-26'!$X:$X,">="&DATE(2026,7,1),'Monthly Report July-26'!$X:$X,"<="&DATE(2026,7,31)) -> 224 | J20: =I20/$I$29 -> 0.26107226
A21: First Energy | B21: =COUNTIF('Monthly Report July-26'!$C$2:$C$906,A21) -> 483 | C21: =COUNTIFS('Monthly Report July-26'!$C:$C,A21,'Monthly Report July-26'!$F:$F,"Closed",'Monthly Report July-26'!$X:$X,">="&DATE(2026,7,1),'Monthly Report July-26'!$X:$X,"<="&DATE(2026,7,31)) -> 483 | D21: =COUNTIFS('Monthly Report July-26'!$C:$C,A21,'Monthly Report July-26'!$F:$F,"WIP") -> 0 | H21: Tamil Nadu | I21: =COUNTIFS('Monthly Report July-26'!$L:$L,H21,'Monthly Report July-26'!$F:$F,"Closed",'Monthly Report July-26'!$X:$X,">="&DATE(2026,7,1),'Monthly Report July-26'!$X:$X,"<="&DATE(2026,7,31)) -> 483 | J21: =I21/$I$29 -> 0.56293706
A22: Yanara Power | B22: =COUNTIF('Monthly Report July-26'!$C$2:$C$906,A22) -> 12 | C22: =COUNTIFS('Monthly Report July-26'!$C:$C,A22,'Monthly Report July-26'!$F:$F,"Closed",'Monthly Report July-26'!$X:$X,">="&DATE(2026,7,1),'Monthly Report July-26'!$X:$X,"<="&DATE(2026,7,31)) -> 2 | D22: =COUNTIFS('Monthly Report July-26'!$C:$C,A22,'Monthly Report July-26'!$F:$F,"WIP") -> 10 | H22: Maharashtra | I22: =COUNTIFS('Monthly Report July-26'!$L:$L,H22,'Monthly Report July-26'!$F:$F,"Closed",'Monthly Report July-26'!$X:$X,">="&DATE(2026,7,1),'Monthly Report July-26'!$X:$X,"<="&DATE(2026,7,31)) -> 125 | J22: =I22/$I$29 -> 0.14568765
A23: Freyr Energy | B23: =COUNTIF('Monthly Report July-26'!$C$2:$C$906,A23) -> 3 | C23: =COUNTIFS('Monthly Report July-26'!$C:$C,A23,'Monthly Report July-26'!$F:$F,"Closed",'Monthly Report July-26'!$X:$X,">="&DATE(2026,7,1),'Monthly Report July-26'!$X:$X,"<="&DATE(2026,7,31)) -> 3 | D23: =COUNTIFS('Monthly Report July-26'!$C:$C,A23,'Monthly Report July-26'!$F:$F,"WIP") -> 0 | H23: Andhra Pradesh | I23: =COUNTIFS('Monthly Report July-26'!$L:$L,H23,'Monthly Report July-26'!$F:$F,"Closed",'Monthly Report July-26'!$X:$X,">="&DATE(2026,7,1),'Monthly Report July-26'!$X:$X,"<="&DATE(2026,7,31)) -> 3 | J23: =I23/$I$29 -> 0.0034965035
A24: Solar Square | B24: =COUNTIF('Monthly Report July-26'!$C$2:$C$906,A24) -> 38 | C24: =COUNTIFS('Monthly Report July-26'!$C:$C,A24,'Monthly Report July-26'!$F:$F,"Closed",'Monthly Report July-26'!$X:$X,">="&DATE(2026,7,1),'Monthly Report July-26'!$X:$X,"<="&DATE(2026,7,31)) -> 32 | D24: =COUNTIFS('Monthly Report July-26'!$C:$C,A24,'Monthly Report July-26'!$F:$F,"WIP") -> 6 | H24: Uttar Pradesh | I24: =COUNTIFS('Monthly Report July-26'!$L:$L,H24,'Monthly Report July-26'!$F:$F,"Closed",'Monthly Report July-26'!$X:$X,">="&DATE(2026,7,1),'Monthly Report July-26'!$X:$X,"<="&DATE(2026,7,31)) -> 12 | J24: =I24/$I$29 -> 0.013986014
A25: Panasonic | B25: =COUNTIF('Monthly Report July-26'!$C$2:$C$906,A25) -> 20 | C25: =COUNTIFS('Monthly Report July-26'!$C:$C,A25,'Monthly Report July-26'!$F:$F,"Closed",'Monthly Report July-26'!$X:$X,">="&DATE(2026,7,1),'Monthly Report July-26'!$X:$X,"<="&DATE(2026,7,31)) -> 20 | D25: =COUNTIFS('Monthly Report July-26'!$C:$C,A25,'Monthly Report July-26'!$F:$F,"WIP") -> 0 | H25: Rajasthan | I25: =COUNTIFS('Monthly Report July-26'!$L:$L,H25,'Monthly Report July-26'!$F:$F,"Closed",'Monthly Report July-26'!$X:$X,">="&DATE(2026,7,1),'Monthly Report July-26'!$X:$X,"<="&DATE(2026,7,31)) -> 3 | J25: =I25/$I$29 -> 0.0034965035
A26: Arsiga Solar | B26: =COUNTIF('Monthly Report July-26'!$C$2:$C$906,A26) -> 4 | C26: =COUNTIFS('Monthly Report July-26'!$C:$C,A26,'Monthly Report July-26'!$F:$F,"Closed",'Monthly Report July-26'!$X:$X,">="&DATE(2026,7,1),'Monthly Report July-26'!$X:$X,"<="&DATE(2026,7,31)) -> 4 | D26: =COUNTIFS('Monthly Report July-26'!$C:$C,A26,'Monthly Report July-26'!$F:$F,"WIP") -> 0 | H26: Telangana | I26: =COUNTIFS('Monthly Report July-26'!$L:$L,H26,'Monthly Report July-26'!$F:$F,"Closed",'Monthly Report July-26'!$X:$X,">="&DATE(2026,7,1),'Monthly Report July-26'!$X:$X,"<="&DATE(2026,7,31)) -> 1 | J26: =I26/$I$29 -> 0.0011655012
A27: Vashi | B27: =COUNTIF('Monthly Report July-26'!$C$2:$C$906,A27) -> 91 | C27: =COUNTIFS('Monthly Report July-26'!$C:$C,A27,'Monthly Report July-26'!$F:$F,"Closed",'Monthly Report July-26'!$X:$X,">="&DATE(2026,7,1),'Monthly Report July-26'!$X:$X,"<="&DATE(2026,7,31)) -> 84 | D27: =COUNTIFS('Monthly Report July-26'!$C:$C,A27,'Monthly Report July-26'!$F:$F,"WIP") -> 7 | H27: Haryana | I27: =COUNTIFS('Monthly Report July-26'!$L:$L,H27,'Monthly Report July-26'!$F:$F,"Closed",'Monthly Report July-26'!$X:$X,">="&DATE(2026,7,1),'Monthly Report July-26'!$X:$X,"<="&DATE(2026,7,31)) -> 3 | J27: =I27/$I$29 -> 0.0034965035
A28: DSH Trading | B28: =COUNTIF('Monthly Report July-26'!$C$2:$C$906,A28) -> 2 | C28: =COUNTIFS('Monthly Report July-26'!$C:$C,A28,'Monthly Report July-26'!$F:$F,"Closed",'Monthly Report July-26'!$X:$X,">="&DATE(2026,7,1),'Monthly Report July-26'!$X:$X,"<="&DATE(2026,7,31)) -> 2 | D28: =COUNTIFS('Monthly Report July-26'!$C:$C,A28,'Monthly Report July-26'!$F:$F,"WIP") -> 0 | H28: Karnataka | I28: =COUNTIFS('Monthly Report July-26'!$L:$L,H28,'Monthly Report July-26'!$F:$F,"Closed",'Monthly Report July-26'!$X:$X,">="&DATE(2026,7,1),'Monthly Report July-26'!$X:$X,"<="&DATE(2026,7,31)) -> 1 | J28: =I28/$I$29 -> 0.0011655012
A29: Axitec Energy | B29: =COUNTIF('Monthly Report July-26'!$C$2:$C$906,A29) -> 2 | C29: =COUNTIFS('Monthly Report July-26'!$C:$C,A29,'Monthly Report July-26'!$F:$F,"Closed",'Monthly Report July-26'!$X:$X,">="&DATE(2026,7,1),'Monthly Report July-26'!$X:$X,"<="&DATE(2026,7,31)) -> 2 | D29: =COUNTIFS('Monthly Report July-26'!$C:$C,A29,'Monthly Report July-26'!$F:$F,"WIP") -> 0 | H29: TOTAL | I29: =SUM(I19:I28) -> 858 | J29: =SUM(J19:J28) -> 1
A30: Nabhas Construction | B30: =COUNTIF('Monthly Report July-26'!$C$2:$C$906,A30) -> 0 | C30: =COUNTIFS('Monthly Report July-26'!$C:$C,A30,'Monthly Report July-26'!$F:$F,"Closed",'Monthly Report July-26'!$X:$X,">="&DATE(2026,7,1),'Monthly Report July-26'!$X:$X,"<="&DATE(2026,7,31)) -> 0 | D30: =COUNTIFS('Monthly Report July-26'!$C:$C,A30,'Monthly Report July-26'!$F:$F,"WIP") -> 0
A31: TOTAL | B31: =SUM(B19:B32) -> 875 | C31: =SUM(C19:C32) -> 858 | D31: =SUM(D19:D30) -> 23
H34: RESOLUTION TYPE
H35: Resolution | I35: Modules | J35: % Share
H36: Repair | I36: =COUNTIFS('Monthly Report July-26'!$W:$W,H36,'Monthly Report July-26'!$X:$X,">="&DATE(2026,7,1),'Monthly Report July-26'!$X:$X,"<="&DATE(2026,7,31)) -> 719 | J36: =I36/$I$41 -> 0.82548794
H37: Rejected | I37: =COUNTIFS('Monthly Report July-26'!$W:$W,H37,'Monthly Report July-26'!$X:$X,">="&DATE(2026,7,1),'Monthly Report July-26'!$X:$X,"<="&DATE(2026,7,31)) -> 112 | J37: =I37/$I$41 -> 0.12858783
A38: DAILY COMPLAINTS TREND - JAN 2026 | H38: Credit Note | I38: =COUNTIFS('Monthly Report July-26'!$W:$W,H38,'Monthly Report July-26'!$X:$X,">="&DATE(2026,7,1),'Monthly Report July-26'!$X:$X,"<="&DATE(2026,7,31)) -> 25 | J38: =I38/$I$41 -> 0.028702641
A39: Date | B39: Modules Visited | C39: Closed | D39: WIP | H39: Under Investigation | I39: =COUNTIFS('Monthly Report July-26'!$W:$W,H39,'Monthly Report July-26'!$A:$A,">="&DATE(2026,7,1),'Monthly Report July-26'!$A:$A,"<="&DATE(2026,7,31)) -> 13 | J39: =I39/$I$41 -> 0.014925373
A40: 46204 | B40: =COUNTIF('Monthly Report July-26'!$Z:$Z,A40) -> 40 | C40: =COUNTIFS('Monthly Report July-26'!$X:X,A40,'Monthly Report July-26'!F:F,"Closed") -> 40 | D40: =COUNTIFS('Monthly Report July-26'!$Z:$Z,A40,'Monthly Report July-26'!F:F,"WIP") -> 0 | H40: Refund | I40: =COUNTIFS('Monthly Report July-26'!$W:$W,H40,'Monthly Report July-26'!$X:$X,">="&DATE(2026,7,1),'Monthly Report July-26'!$X:$X,"<="&DATE(2026,7,31)) -> 2 | J40: =I40/$I$41 -> 0.0022962113
A41: 46205 | B41: =COUNTIF('Monthly Report July-26'!$Z:$Z,A41) -> 46 | C41: =COUNTIFS('Monthly Report July-26'!$X:X,A41,'Monthly Report July-26'!F:F,"Closed") -> 46 | D41: =COUNTIFS('Monthly Report July-26'!$Z:$Z,A41,'Monthly Report July-26'!F:F,"WIP") -> 0 | H41: TOTAL | I41: =SUM(I36:I40) -> 871 | J41: =SUM(J34:J40) -> 1
A42: 46206 | B42: =COUNTIF('Monthly Report July-26'!$Z:$Z,A42) -> 51 | C42: =COUNTIFS('Monthly Report July-26'!$X:X,A42,'Monthly Report July-26'!F:F,"Closed") -> 51 | D42: =COUNTIFS('Monthly Report July-26'!$Z:$Z,A42,'Monthly Report July-26'!F:F,"WIP") -> 0
A43: 46207 | B43: =COUNTIF('Monthly Report July-26'!$Z:$Z,A43) -> 54 | C43: =COUNTIFS('Monthly Report July-26'!$X:X,A43,'Monthly Report July-26'!F:F,"Closed") -> 54 | D43: =COUNTIFS('Monthly Report July-26'!$Z:$Z,A43,'Monthly Report July-26'!F:F,"WIP") -> 0
A44: 46208 | B44: =COUNTIF('Monthly Report July-26'!$Z:$Z,A44) -> 0 | C44: =COUNTIFS('Monthly Report July-26'!$X:X,A44,'Monthly Report July-26'!F:F,"Closed") -> 0 | D44: =COUNTIFS('Monthly Report July-26'!$Z:$Z,A44,'Monthly Report July-26'!F:F,"WIP") -> 0 | H44: MANUFACTURING PLANT-WISE
A45: 46209 | B45: =COUNTIF('Monthly Report July-26'!$Z:$Z,A45) -> 46 | C45: =COUNTIFS('Monthly Report July-26'!$X:X,A45,'Monthly Report July-26'!F:F,"Closed") -> 46 | D45: =COUNTIFS('Monthly Report July-26'!$Z:$Z,A45,'Monthly Report July-26'!F:F,"WIP") -> 0 | H45: Plant | I45: Modules | J45: % Share
A46: 46210 | B46: =COUNTIF('Monthly Report July-26'!$Z:$Z,A46) -> 38 | C46: =COUNTIFS('Monthly Report July-26'!$X:X,A46,'Monthly Report July-26'!F:F,"Closed") -> 28 | D46: =COUNTIFS('Monthly Report July-26'!$Z:$Z,A46,'Monthly Report July-26'!F:F,"WIP") -> 10 | H46: P4 - PEIPL | I46: =COUNTIFS('Monthly Report July-26'!$T:$T,H46,'Monthly Report July-26'!$F:$F,"Closed",'Monthly Report July-26'!$X:$X,">="&DATE(2026,6,1),'Monthly Report July-26'!$X:$X,"<="&DATE(2026,6,310)) -> 228 | J46: =I46/$I$50 -> 0.26573427
A47: 46211 | B47: =COUNTIF('Monthly Report July-26'!$Z:$Z,A47) -> 12 | C47: =COUNTIFS('Monthly Report July-26'!$X:X,A47,'Monthly Report July-26'!F:F,"Closed") -> 12 | D47: =COUNTIFS('Monthly Report July-26'!$Z:$Z,A47,'Monthly Report July-26'!F:F,"WIP") -> 0 | H47: P2 - PEPPL | I47: =COUNTIFS('Monthly Report July-26'!$T:$T,H47,'Monthly Report July-26'!$F:$F,"Closed",'Monthly Report July-26'!$X:$X,">="&DATE(2026,6,1),'Monthly Report July-26'!$X:$X,"<="&DATE(2026,6,310)) -> 524 | J47: =I47/$I$50 -> 0.61072261
A48: 46212 | B48: =COUNTIF('Monthly Report July-26'!$Z:$Z,A48) -> 10 | C48: =COUNTIFS('Monthly Report July-26'!$X:X,A48,'Monthly Report July-26'!F:F,"Closed") -> 10 | D48: =COUNTIFS('Monthly Report July-26'!$Z:$Z,A48,'Monthly Report July-26'!F:F,"WIP") -> 0 | H48: P5 - PEGPL | I48: =COUNTIFS('Monthly Report July-26'!$T:$T,H48,'Monthly Report July-26'!$F:$F,"Closed",'Monthly Report July-26'!$X:$X,">="&DATE(2026,6,1),'Monthly Report July-26'!$X:$X,"<="&DATE(2026,6,310)) -> 106 | J48: =I48/$I$50 -> 0.12354312
A49: 46213 | B49: =COUNTIF('Monthly Report July-26'!$Z:$Z,A49) -> 23 | C49: =COUNTIFS('Monthly Report July-26'!$X:X,A49,'Monthly Report July-26'!F:F,"Closed") -> 24 | D49: =COUNTIFS('Monthly Report July-26'!$Z:$Z,A49,'Monthly Report July-26'!F:F,"WIP") -> 0 | H49: P1-PEL | I49: =COUNTIFS('Monthly Report July-26'!$T:$T,H49,'Monthly Report July-26'!$F:$F,"Closed",'Monthly Report July-26'!$X:$X,">="&DATE(2026,7,1),'Monthly Report July-26'!$X:$X,"<="&DATE(2026,7,31)) -> 0 | J49: =I49/$I$50 -> 0
A50: 46214 | B50: =COUNTIF('Monthly Report July-26'!$Z:$Z,A50) -> 38 | C50: =COUNTIFS('Monthly Report July-26'!$X:X,A50,'Monthly Report July-26'!F:F,"Closed") -> 38 | D50: =COUNTIFS('Monthly Report July-26'!$Z:$Z,A50,'Monthly Report July-26'!F:F,"WIP") -> 0 | H50: TOTAL | I50: =SUM(I46:I49) -> 858 | J50: =SUM(J46:J49) -> 1
A51: 46215 | B51: =COUNTIF('Monthly Report July-26'!$Z:$Z,A51) -> 0 | C51: =COUNTIFS('Monthly Report July-26'!$X:X,A51,'Monthly Report July-26'!F:F,"Closed") -> 0 | D51: =COUNTIFS('Monthly Report July-26'!$Z:$Z,A51,'Monthly Report July-26'!F:F,"WIP") -> 0
A52: 46216 | B52: =COUNTIF('Monthly Report July-26'!$Z:$Z,A52) -> 25 | C52: =COUNTIFS('Monthly Report July-26'!$X:X,A52,'Monthly Report July-26'!F:F,"Closed") -> 22 | D52: =COUNTIFS('Monthly Report July-26'!$Z:$Z,A52,'Monthly Report July-26'!F:F,"WIP") -> 6
A53: 46217 | B53: =COUNTIF('Monthly Report July-26'!$Z:$Z,A53) -> 0 | C53: =COUNTIFS('Monthly Report July-26'!$X:X,A53,'Monthly Report July-26'!F:F,"Closed") -> 0 | D53: =COUNTIFS('Monthly Report July-26'!$Z:$Z,A53,'Monthly Report July-26'!F:F,"WIP") -> 0 | H53: TAT - COMPLAINT RAISED vs CLOSED
A54: 46218 | B54: =COUNTIF('Monthly Report July-26'!$Z:$Z,A54) -> 31 | C54: =COUNTIFS('Monthly Report July-26'!$X:X,A54,'Monthly Report July-26'!F:F,"Closed") -> 30 | D54: =COUNTIFS('Monthly Report July-26'!$Z:$Z,A54,'Monthly Report July-26'!F:F,"WIP") -> 0 | H54: TAT Bucket (Days) | I54: Modules | J54: % Share
A55: 46219 | B55: =COUNTIF('Monthly Report July-26'!$Z:$Z,A55) -> 28 | C55: =COUNTIFS('Monthly Report July-26'!$X:X,A55,'Monthly Report July-26'!F:F,"Closed") -> 110 | D55: =COUNTIFS('Monthly Report July-26'!$Z:$Z,A55,'Monthly Report July-26'!F:F,"WIP") -> 0 | H55: 0 - 3 days | I55: =COUNTIFS('Monthly Report July-26'!$Y:$Y,">=0",'Monthly Report July-26'!$Y:$Y,"<=3",'Monthly Report July-26'!$F:$F,"Closed",'Monthly Report July-26'!$X:$X,">="&DATE(2026,7,1),'Monthly Report July-26'!$X:$X,"<="&DATE(2026,7,31)) -> 92 | J55: =I55/$I$60 -> 0.16140351
A56: 46220 | B56: =COUNTIF('Monthly Report July-26'!$Z:$Z,A56) -> 29 | C56: =COUNTIFS('Monthly Report July-26'!$X:X,A56,'Monthly Report July-26'!F:F,"Closed") -> 31 | D56: =COUNTIFS('Monthly Report July-26'!$Z:$Z,A56,'Monthly Report July-26'!F:F,"WIP") -> 0 | H56: 4 - 7 days | I56: =COUNTIFS('Monthly Report July-26'!$Y:$Y,">=4",'Monthly Report July-26'!$Y:$Y,"<=7",'Monthly Report July-26'!$F:$F,"Closed",'Monthly Report July-26'!$X:$X,">="&DATE(2026,7,1),'Monthly Report July-26'!$X:$X,"<="&DATE(2026,7,31)) -> 1 | J56: =I56/$I$60 -> 0.001754386
A57: 46221 | B57: =COUNTIF('Monthly Report July-26'!$Z:$Z,A57) -> 1 | C57: =COUNTIFS('Monthly Report July-26'!$X:X,A57,'Monthly Report July-26'!F:F,"Closed") -> 1 | D57: =COUNTIFS('Monthly Report July-26'!$Z:$Z,A57,'Monthly Report July-26'!F:F,"WIP") -> 0 | H57: 8 - 15 days | I57: =COUNTIFS('Monthly Report July-26'!$Y:$Y,">=8",'Monthly Report July-26'!$Y:$Y,"<=15",'Monthly Report July-26'!$F:$F,"Closed",'Monthly Report July-26'!$X:$X,">="&DATE(2026,7,1),'Monthly Report July-26'!$X:$X,"<="&DATE(2026,7,31)) -> 22 | J57: =I57/$I$60 -> 0.038596491
A58: 46222 | B58: =COUNTIF('Monthly Report July-26'!$Z:$Z,A58) -> 0 | C58: =COUNTIFS('Monthly Report July-26'!$X:X,A58,'Monthly Report July-26'!F:F,"Closed") -> 0 | D58: =COUNTIFS('Monthly Report July-26'!$Z:$Z,A58,'Monthly Report July-26'!F:F,"WIP") -> 0 | H58: 16 - 30 days | I58: =COUNTIFS('Monthly Report July-26'!$Y:$Y,">=16",'Monthly Report July-26'!$Y:$Y,"<=30",'Monthly Report July-26'!$F:$F,"Closed",'Monthly Report July-26'!$X:$X,">="&DATE(2026,7,1),'Monthly Report July-26'!$X:$X,"<="&DATE(2026,7,31)) -> 170 | J58: =I58/$I$60 -> 0.29824561
A59: 46223 | B59: =COUNTIF('Monthly Report July-26'!$Z:$Z,A59) -> 3 | C59: =COUNTIFS('Monthly Report July-26'!$X:X,A59,'Monthly Report July-26'!F:F,"Closed") -> 3 | D59: =COUNTIFS('Monthly Report July-26'!$Z:$Z,A59,'Monthly Report July-26'!F:F,"WIP") -> 0 | H59: > 30 days | I59: =COUNTIFS('Monthly Report July-26'!$Y:$Y,"<=30",'Monthly Report July-26'!$F:$F,"Closed",'Monthly Report July-26'!$X:$X,">="&DATE(2026,7,1),'Monthly Report July-26'!$X:$X,"<="&DATE(2026,7,31)) -> 285 | J59: =I59/$I$60 -> 0.5
A60: 46224 | B60: =COUNTIF('Monthly Report July-26'!$Z:$Z,A60) -> 31 | C60: =COUNTIFS('Monthly Report July-26'!$X:X,A60,'Monthly Report July-26'!F:F,"Closed") -> 31 | D60: =COUNTIFS('Monthly Report July-26'!$Z:$Z,A60,'Monthly Report July-26'!F:F,"WIP") -> 0 | H60: TOTAL | I60: =SUM(I55:I59) -> 570 | J60: =SUM(J55:J59) -> 1
A61: 46225 | B61: =COUNTIF('Monthly Report July-26'!$Z:$Z,A61) -> 17 | C61: =COUNTIFS('Monthly Report July-26'!$X:X,A61,'Monthly Report July-26'!F:F,"Closed") -> 17 | D61: =COUNTIFS('Monthly Report July-26'!$Z:$Z,A61,'Monthly Report July-26'!F:F,"WIP") -> 0 | H61: Avg TAT (days) | I61: =ROUND(AVERAGEIFS('Monthly Report July-26'!$Y:$Y,'Monthly Report July-26'!$Y:$Y,">=0",'Monthly Report July-26'!$F:$F,"Closed",'Monthly Report July-26'!$X:$X,">="&DATE(2026,7,1),'Monthly Report July-26'!X:X,"<="&DATE(2026,7,31)),1) -> 64.1
A62: 46226 | B62: =COUNTIF('Monthly Report July-26'!$Z:$Z,A62) -> 25 | C62: =COUNTIFS('Monthly Report July-26'!$X:X,A62,'Monthly Report July-26'!F:F,"Closed") -> 25 | D62: =COUNTIFS('Monthly Report July-26'!$Z:$Z,A62,'Monthly Report July-26'!F:F,"WIP") -> 0
A63: 46227 | B63: =COUNTIF('Monthly Report July-26'!$Z:$Z,A63) -> 33 | C63: =COUNTIFS('Monthly Report July-26'!$X:X,A63,'Monthly Report July-26'!F:F,"Closed") -> 33 | D63: =COUNTIFS('Monthly Report July-26'!$Z:$Z,A63,'Monthly Report July-26'!F:F,"WIP") -> 0
A64: 46228 | B64: =COUNTIF('Monthly Report July-26'!$Z:$Z,A64) -> 27 | C64: =COUNTIFS('Monthly Report July-26'!$X:X,A64,'Monthly Report July-26'!F:F,"Closed") -> 27 | D64: =COUNTIFS('Monthly Report July-26'!$Z:$Z,A64,'Monthly Report July-26'!F:F,"WIP") -> 0
A65: 46229 | B65: =COUNTIF('Monthly Report July-26'!$Z:$Z,A65) -> 0 | C65: =COUNTIFS('Monthly Report July-26'!$X:X,A65,'Monthly Report July-26'!F:F,"Closed") -> 0 | D65: =COUNTIFS('Monthly Report July-26'!$Z:$Z,A65,'Monthly Report July-26'!F:F,"WIP") -> 0 | H65: Week | I65: Visited | J65: Closed | K65: WIP
A66: 46230 | B66: =COUNTIF('Monthly Report July-26'!$Z:$Z,A66) -> 44 | C66: =COUNTIFS('Monthly Report July-26'!$X:X,A66,'Monthly Report July-26'!F:F,"Closed") -> 44 | D66: =COUNTIFS('Monthly Report July-26'!$Z:$Z,A66,'Monthly Report July-26'!F:F,"WIP") -> 0 | H66: Week 1 (1-7 July) | I66: =COUNTIFS('Monthly Report July-26'!$Z:$Z,">="&DATE(2026,7,1),'Monthly Report July-26'!$Z:$Z,"<="&DATE(2026,7,7)) -> 275 | J66: =COUNTIFS('Monthly Report July-26'!$X:$X,">="&DATE(2026,7,1),'Monthly Report July-26'!$X:$X,"<="&DATE(2026,7,7),'Monthly Report July-26'!$F:$F,"Closed") -> 265 | K66: =COUNTIFS('Monthly Report July-26'!$Z:$Z,">="&DATE(2026,7,1),'Monthly Report July-26'!$Z:$Z,"<="&DATE(2026,7,7),'Monthly Report July-26'!$F:$F,"WIP") -> 10
A67: 46231 | B67: =COUNTIF('Monthly Report July-26'!$Z:$Z,A67) -> 41 | C67: =COUNTIFS('Monthly Report July-26'!$X:X,A67,'Monthly Report July-26'!F:F,"Closed") -> 34 | D67: =COUNTIFS('Monthly Report July-26'!$Z:$Z,A67,'Monthly Report July-26'!F:F,"WIP") -> 7 | H67: Week 2 (8-14 July) | I67: =COUNTIFS('Monthly Report July-26'!$Z:$Z,">="&DATE(2026,7,8),'Monthly Report July-26'!$Z:$Z,"<="&DATE(2026,7,14)) -> 108 | J67: =COUNTIFS('Monthly Report July-26'!$X:$X,">="&DATE(2026,7,8),'Monthly Report July-26'!$X:$X,"<="&DATE(2026,7,14),'Monthly Report July-26'!$F:$F,"Closed") -> 106 | K67: =COUNTIFS('Monthly Report July-26'!$Z:$Z,">="&DATE(2026,7,8),'Monthly Report July-26'!$Z:$Z,"<="&DATE(2026,7,14),'Monthly Report July-26'!$F:$F,"WIP") -> 6
A68: 46232 | B68: =COUNTIF('Monthly Report July-26'!$Z:$Z,A68) -> 33 | C68: =COUNTIFS('Monthly Report July-26'!$X:X,A68,'Monthly Report July-26'!F:F,"Closed") -> 33 | D68: =COUNTIFS('Monthly Report July-26'!$Z:$Z,A68,'Monthly Report July-26'!F:F,"WIP") -> 0 | H68: Week 3 (15-21 July) | I68: =COUNTIFS('Monthly Report July-26'!$Z:$Z,">="&DATE(2026,7,15),'Monthly Report July-26'!$Z:$Z,"<="&DATE(2026,7,21)) -> 123 | J68: =COUNTIFS('Monthly Report July-26'!$X:$X,">="&DATE(2026,7,15),'Monthly Report July-26'!$X:$X,"<="&DATE(2026,7,21),'Monthly Report July-26'!$F:$F,"Closed") -> 206 | K68: =COUNTIFS('Monthly Report July-26'!$Z:$Z,">="&DATE(2026,7,15),'Monthly Report July-26'!$Z:$Z,"<="&DATE(2026,7,21),'Monthly Report July-26'!$F:$F,"WIP") -> 0
A69: 46233 | B69: =COUNTIF('Monthly Report July-26'!$Z:$Z,A69) -> 27 | C69: =COUNTIFS('Monthly Report July-26'!$X:X,A69,'Monthly Report July-26'!F:F,"Closed") -> 27 | D69: =COUNTIFS('Monthly Report July-26'!$Z:$Z,A69,'Monthly Report July-26'!F:F,"WIP") -> 0 | H69: Week 4 (22-31 July) | I69: =COUNTIFS('Monthly Report July-26'!$Z:$Z,">="&DATE(2026,7,22),'Monthly Report July-26'!$Z:$Z,"<="&DATE(2026,7,31)) -> 288 | J69: =COUNTIFS('Monthly Report July-26'!$X:$X,">="&DATE(2026,7,22),'Monthly Report July-26'!$X:$X,"<="&DATE(2026,7,31),'Monthly Report July-26'!$F:$F,"Closed") -> 281 | K69: =COUNTIFS('Monthly Report July-26'!$Z:$Z,">="&DATE(2026,7,22),'Monthly Report July-26'!$Z:$Z,"<="&DATE(2026,7,31),'Monthly Report July-26'!$F:$F,"WIP") -> 7
A70: 46234 | B70: =COUNTIF('Monthly Report July-26'!$Z:$Z,A70) -> 41 | C70: =COUNTIFS('Monthly Report July-26'!$X:X,A70,'Monthly Report July-26'!F:F,"Closed") -> 41 | D70: =COUNTIFS('Monthly Report July-26'!$Z:$Z,A70,'Monthly Report July-26'!F:F,"WIP") -> 0
A72: MODULE TYPE DEFECT ANALYSIS - JULY 2026
A73: Defect Type (Our Evaluation) | B73: G2B | C73: G2TB | D73: G2G | E73: Grand Total
A74: JB Issue | B74: =COUNTIFS('Monthly Report July-26'!$N:$N,A74,'Monthly Report July-26'!$S:$S,B$73,'Monthly Report July-26'!$AD:$AD,"Closed in July") -> 19 | C74: =COUNTIFS('Monthly Report July-26'!$N:$N,$A74,'Monthly Report July-26'!$S:$S,C$73,'Monthly Report July-26'!$AD:$AD,"Closed in July") -> 5 | D74: =COUNTIFS('Monthly Report July-26'!$N:$N,$A74,'Monthly Report July-26'!$S:$S,D$73,'Monthly Report July-26'!$AD:$AD,"Closed in July") -> 14 | E74: =SUM(B74:D74) -> 38
A75: Cold Soldering | B75: =COUNTIFS('Monthly Report July-26'!$N:$N,A75,'Monthly Report July-26'!$S:$S,B$73,'Monthly Report July-26'!$AD:$AD,"Closed in July") -> 468 | C75: =COUNTIFS('Monthly Report July-26'!$N:$N,$A75,'Monthly Report July-26'!$S:$S,C$73,'Monthly Report July-26'!$AD:$AD,"Closed in July") -> 3 | D75: =COUNTIFS('Monthly Report July-26'!$N:$N,$A75,'Monthly Report July-26'!$S:$S,D$73,'Monthly Report July-26'!$AD:$AD,"Closed in July") -> 210 | E75: =SUM(B75:D75) -> 681
A76: Backsheet Damage | B76: =COUNTIFS('Monthly Report July-26'!$N:$N,A76,'Monthly Report July-26'!$S:$S,B$73,'Monthly Report July-26'!$AD:$AD,"Closed in July") -> 2 | C76: =COUNTIFS('Monthly Report July-26'!$N:$N,$A76,'Monthly Report July-26'!$S:$S,C$73,'Monthly Report July-26'!$AD:$AD,"Closed in July") -> 0 | D76: =COUNTIFS('Monthly Report July-26'!$N:$N,$A76,'Monthly Report July-26'!$S:$S,D$73,'Monthly Report July-26'!$AD:$AD,"Closed in July") -> 0 | E76: =SUM(B76:D76) -> 2
A77: No Issue Found | B77: =COUNTIFS('Monthly Report July-26'!$N:$N,A77,'Monthly Report July-26'!$S:$S,B$73,'Monthly Report July-26'!$AD:$AD,"Closed in July") -> 9 | C77: =COUNTIFS('Monthly Report July-26'!$N:$N,$A77,'Monthly Report July-26'!$S:$S,C$73,'Monthly Report July-26'!$AD:$AD,"Closed in July") -> 0 | D77: =COUNTIFS('Monthly Report July-26'!$N:$N,$A77,'Monthly Report July-26'!$S:$S,D$73,'Monthly Report July-26'!$AD:$AD,"Closed in July") -> 2 | E77: =SUM(B77:D77) -> 11
A78: Glass Breakage | B78: =COUNTIFS('Monthly Report July-26'!$N:$N,A78,'Monthly Report July-26'!$S:$S,B$73,'Monthly Report July-26'!$AD:$AD,"Closed in July") -> 2 | C78: =COUNTIFS('Monthly Report July-26'!$N:$N,$A78,'Monthly Report July-26'!$S:$S,C$73,'Monthly Report July-26'!$AD:$AD,"Closed in July") -> 0 | D78: =COUNTIFS('Monthly Report July-26'!$N:$N,$A78,'Monthly Report July-26'!$S:$S,D$73,'Monthly Report July-26'!$AD:$AD,"Closed in July") -> 4 | E78: =SUM(B78:D78) -> 6
A79: Hotspot | B79: =COUNTIFS('Monthly Report July-26'!$N:$N,A79,'Monthly Report July-26'!$S:$S,B$73,'Monthly Report July-26'!$AD:$AD,"Closed in July") -> 0 | C79: =COUNTIFS('Monthly Report July-26'!$N:$N,$A79,'Monthly Report July-26'!$S:$S,C$73,'Monthly Report July-26'!$AD:$AD,"Closed in July") -> 0 | D79: =COUNTIFS('Monthly Report July-26'!$N:$N,$A79,'Monthly Report July-26'!$S:$S,D$73,'Monthly Report July-26'!$AD:$AD,"Closed in July") -> 0 | E79: =SUM(B79:D79) -> 0
A80: EL Failure | B80: =COUNTIFS('Monthly Report July-26'!$N:$N,A80,'Monthly Report July-26'!$S:$S,B$73,'Monthly Report July-26'!$AD:$AD,"Closed in July") -> 0 | C80: =COUNTIFS('Monthly Report July-26'!$N:$N,$A80,'Monthly Report July-26'!$S:$S,C$73,'Monthly Report July-26'!$AD:$AD,"Closed in July") -> 0 | D80: =COUNTIFS('Monthly Report July-26'!$N:$N,$A80,'Monthly Report July-26'!$S:$S,D$73,'Monthly Report July-26'!$AD:$AD,"Closed in July") -> 22 | E80: =SUM(B80:D80) -> 22
A81: Aesthetic | B81: =COUNTIFS('Monthly Report July-26'!$N:$N,A81,'Monthly Report July-26'!$S:$S,B$73,'Monthly Report July-26'!$AD:$AD,"Closed in July") -> 0 | C81: =COUNTIFS('Monthly Report July-26'!$N:$N,$A81,'Monthly Report July-26'!$S:$S,C$73,'Monthly Report July-26'!$AD:$AD,"Closed in July") -> 1 | D81: =COUNTIFS('Monthly Report July-26'!$N:$N,$A81,'Monthly Report July-26'!$S:$S,D$73,'Monthly Report July-26'!$AD:$AD,"Closed in July") -> 81 | E81: =SUM(B81:D81) -> 82
A82: Lightning strike / Wrong connection | B82: =COUNTIFS('Monthly Report July-26'!$N:$N,A82,'Monthly Report July-26'!$S:$S,B$73,'Monthly Report July-26'!$AD:$AD,"Closed in July") -> 0 | C82: =COUNTIFS('Monthly Report July-26'!$N:$N,$A82,'Monthly Report July-26'!$S:$S,C$73,'Monthly Report July-26'!$AD:$AD,"Closed in July") -> 8 | D82: =COUNTIFS('Monthly Report July-26'!$N:$N,$A82,'Monthly Report July-26'!$S:$S,D$73,'Monthly Report July-26'!$AD:$AD,"Closed in July") -> 0 | E82: =SUM(B82:D82) -> 8
A83: Tab lead Burn & Glass Breakage | B83: =COUNTIFS('Monthly Report July-26'!$N:$N,A83,'Monthly Report July-26'!$S:$S,B$73,'Monthly Report July-26'!$AD:$AD,"Closed in July") -> 0 | C83: =COUNTIFS('Monthly Report July-26'!$N:$N,$A83,'Monthly Report July-26'!$S:$S,C$73,'Monthly Report July-26'!$AD:$AD,"Closed in July") -> 0 | D83: =COUNTIFS('Monthly Report July-26'!$N:$N,$A83,'Monthly Report July-26'!$S:$S,D$73,'Monthly Report July-26'!$AD:$AD,"Closed in July") -> 1 | E83: =SUM(B83:D83) -> 1
A84: Improper and loose clipping | B84: =COUNTIFS('Monthly Report July-26'!$N:$N,A84,'Monthly Report July-26'!$S:$S,B$73,'Monthly Report July-26'!$AD:$AD,"Closed in July") -> 0 | C84: =COUNTIFS('Monthly Report July-26'!$N:$N,$A84,'Monthly Report July-26'!$S:$S,C$73,'Monthly Report July-26'!$AD:$AD,"Closed in July") -> 2 | D84: =COUNTIFS('Monthly Report July-26'!$N:$N,$A84,'Monthly Report July-26'!$S:$S,D$73,'Monthly Report July-26'!$AD:$AD,"Closed in July") -> 0 | E84: =SUM(B84:D84) -> 2
A85: Low VOC | B85: =COUNTIFS('Monthly Report July-26'!$N:$N,A85,'Monthly Report July-26'!$S:$S,B$73,'Monthly Report July-26'!$AD:$AD,"Closed in July") -> 0 | C85: =COUNTIFS('Monthly Report July-26'!$N:$N,$A85,'Monthly Report July-26'!$S:$S,C$73,'Monthly Report July-26'!$AD:$AD,"Closed in July") -> 0 | D85: =COUNTIFS('Monthly Report July-26'!$N:$N,$A85,'Monthly Report July-26'!$S:$S,D$73,'Monthly Report July-26'!$AD:$AD,"Closed in July") -> 0 | E85: =SUM(B85:D85) -> 0
... A95: Closed by client | B95: =COUNTIFS('Monthly Report July-26'!$N:$N,A95,'Monthly Report July-26'!$S:$S,B$73,'Monthly Report July-26'!$AD:$AD,"Closed in July") -> 2 | C95: =COUNTIFS('Monthly Report July-26'!$N:$N,$A95,'Monthly Report July-26'!$S:$S,C$73,'Monthly Report July-26'!$AD:$AD,"Closed in July") -> 0 | D95: =COUNTIFS('Monthly Report July-26'!$N:$N,$A95,'Monthly Report July-26'!$S:$S,D$73,'Monthly Report July-26'!$AD:$AD,"Closed in July") -> 0 | E95: =SUM(B95:D95) -> 2
A96: Grand Total | B96: =SUM(B75:B89) -> 486 | C96: =SUM(C75:C89) -> 14 | D96: =SUM(D75:D89) -> 320 | E96: =SUM(E75:E90) -> 821

Sheet Daily Report July -26 
A1: Date | B1: Day | C1: Site | D1: Area | E1: State | F1: No Of Complaints | G1: Visited by | H1: Complaint ID | I1: Status | J1: Remarks | K1: Complaints Register Link | L1: Start Date | M1: End Day | N1: Remarka
A2: 46204 | B2: =TEXT(A2,"dddd") -> Wednesday | C2: TRUE SUN TRADING COMPANY | D2: Iverkala | E2: Kerala | F2: 1 | G2: Pavan | H2: PE16062604 | I2: Closed | J2: Retrofit | K2: PE16062604 | L2: 46204 | M2: 46205
A3: 46204 | C3: Ayana | D3: Zura | E3: Gujarat | F3: 29 | G3: Kamal + Raja + Kunal | H3: PE04062601 | I3: Closed | J3: Retrofit | K3: PE04062601 | L3: 46204
A4: 46204 | B4: =TEXT(A4,"dddd") -> Wednesday | C4: First Energy | D4: Tirunelveli | E4: Tamil Nadu | F4: 10 | G4: Bhimsen + Bani + Gourab | H4: PE22042601 | I4: Closed | J4: Retrofit | K4: PE22042601 | L4: 46204
A5: 46205 | B5: =TEXT(A5,"dddd") -> Thursday | C5: Ayana | D5: Zura | E5: Gujarat | F5: 46 | G5: Kamal + Raja + Kunal | H5: PE04062601 | I5: Closed | J5: Retrofit | K5: PE04062601
A6: 46206 | B6: =TEXT(A6,"dddd") -> Friday | C6: First Energy | D6: Tirunelveli | E6: Tamil Nadu | F6: 17 | G6: Bhimsen + Bani + Gourab | H6: PE22042601 | I6: Closed | J6: Retrofit | K6: PE22042601
A7: 46206 | B7: =TEXT(A7,"dddd") -> Friday | C7: First Energy | D7: Tirunelveli | E7: Tamil Nadu | F7: 1 | G7: Bhimsen + Bani + Gourab | H7: PE22042601 | I7: Closed | J7: Inspection | K7: PE22042601
A8: 46206 | B8: =TEXT(A8,"dddd") -> Friday | C8: Ayana | D8: Zura | E8: Gujarat | F8: 32 | G8: Kamal + Raja + Kunal | H8: PE04062601 | I8: Closed | J8: Retrofit | K8: PE04062601
A9: 46206 | B9: =TEXT(A9,"dddd") -> Friday | C9: Ayana | D9: Zura | E9: Gujarat | F9: 1 | G9: Kamal + Raja + Kunal | H9: PE04062601 | I9: Closed | J9: Inspection | K9: PE04062601
A10: 46207 | B10: =TEXT(A10,"dddd") -> Saturday | C10: Ayana | D10: Zura | E10: Gujarat | F10: 53 | G10: Kamal + Raja + Kunal | H10: PE04062601 | I10: Closed | J10: Retrofit | K10: PE04062601
A11: 46207 | B11: =TEXT(A11,"dddd") -> Saturday | C11: Ayana | D11: Zura | E11: Gujarat | F11: 1 | G11: Kamal + Raja + Kunal | H11: PE04062601 | I11: Closed | J11: Inspection | K11: PE04062601
A12: 46209 | B12: =TEXT(A12,"dddd") -> Monday | C12: Ayana | D12: Zura | E12: Gujarat | F12: 46 | G12: Kamal + Raja + Kunal | H12: PE04062601 | I12: Closed | J12: Retrofit | K12: PE04062601
A13: 46210 | B13: =TEXT(A13,"dddd") -> Tuesday | C13: Ayana | D13: Zura | E13: Gujarat | F13: 16 | G13: Kamal + Raja + Kunal | H13: PE04062601 | I13: Closed | J13: Retrofit | K13: PE04062601 | M13: 46213
A14: 46210 | B14: =TEXT(A14,"dddd") -> Tuesday | C14: First Energy | D14: Tirunelveli | E14: Tamil Nadu | F14: 10 | G14: Bhimsen | H14: PE22042601 | I14: Closed | J14: Retrofit | K14: PE22042601
A15: 46210 | B15: =TEXT(A15,"dddd") -> Tuesday | C15: Yanara Power | D15: Holi | E15: Maharashtra | F15: 10 | G15: Amit | H15: PE01052601 | I15: WIP | J15: Inspection | K15: PE01052601 | L15: 46209
A16: 46210 | B16: =TEXT(A16,"dddd") -> Tuesday | C16: Yanara Power | D16: Holi | E16: Maharashtra | F16: 2 | G16: Amit | H16: PE01052601 | I16: Closed | J16: Inspection | K16: PE01052601
A17: 46211 | B17: =TEXT(A17,"dddd") -> Wednesday | C17: First Energy | D17: Tirunelveli | E17: Tamil Nadu | F17: 12 | G17: Bhimsen | H17: PE22042601 | I17: Closed | J17: Retrofit | K17: PE22042601
A18: 46212 | B18: =TEXT(A18,"dddd") -> Thursday | C18: Freyr Energy | D18: Kurnool | E18: Andhra Pradesh | F18: 3 | G18: Pavan | H18: PE19062602 | I18: Closed | J18: Retrofit | K18: PE19062602 | L18: 46212 | M18: 46212
A19: 46212 | B19: =TEXT(A19,"dddd") -> Thursday | C19: Panasonic | D19: Nagpur | E19: Maharashtra | F19: 7 | G19: Amit | H19: PE26062602 | I19: Closed | J19: Retrofit | K19: PE26062602
A20: 46212 | B20: =TEXT(A20,"dddd") -> Thursday | C20: Arsiga Solar | D20: Lucknow | E20: UP | F20: 1 | G20: By Mail | H20: PE09072601 | I20: Closed | J20: Vertual Inspection | K20: PE09072601
A21: 46213 | B21: =TEXT(A21,"dddd") -> Friday | C21: Solar Square | D21: Pune | E21: Maharashtra | F21: 22 | G21: By Mail | H21: PE02012603 | I21: Closed | J21: Inspection | K21: PE02012603
A22: 46213 | B22: =TEXT(A22,"dddd") -> Friday | C22: Solar Square | D22: Nagpur | E22: Maharashtra | F22: 1 | G22: By Mail | H22: PE08052602 | I22: Closed | J22: Vertual Inspection | K22: PE08052602
A23: 46214 | B23: =TEXT(A23,"dddd") -> Saturday | C23: First Energy | D23: Tirunelveli | E23: Tamil Nadu | F23: 29 | G23: Bhimsen | H23: PE22042601 | I23: Closed | J23: Retrofit | K23: PE22042601
A24: 46214 | B24: =TEXT(A24,"dddd") -> Saturday | C24: First Energy | D24: Tirunelveli | E24: Tamil Nadu | F24: 1 | G24: Bhimsen | H24: PE22042601 | I24: Closed | J24: Inspection | K24: PE22042601
A25: 46214 | B25: =TEXT(A25,"dddd") -> Saturday | C25: Solar Square | D25: Nagpur | E25: Maharashtra | F25: 8 | G25: Amit | H25: PE02072601 | I25: Closed | J25: Inspection | K25: PE02072601 | M25: 46215
A26: 46216 | B26: =TEXT(A26,"dddd") -> Monday | C26: Arsiga Solar | D26: Jaipur | E26: Rajasthan | F26: 1 | G26: By Mail | H26: PE28042601 | I26: Closed | J26: Vertual Inspection | K26: PE28042601
A27: 46216 | B27: =TEXT(A27,"dddd") -> Monday | C27: Arsiga Solar | D27: KANPUR | E27: UP | F27: 2 | G27: By Mail | H27: PE02072606 | I27: Closed | J27: Vertual Inspection | K27: PE02072606
A28: 46216 | B28: =TEXT(A28,"dddd") -> Monday | C28: First Energy | D28: Tirunelveli | E28: Tamil Nadu | F28: 19 | G28: Bhimsen | H28: PE22042601 | I28: Closed | J28: Retrofit | K28: PE22042601
A29: 46216 | B29: =TEXT(A29,"dddd") -> Monday | C29: Solar Square | D29: Hyderabad | E29: Telangana | F29: 6 | G29: Pavan | H29: PE13072601 | I29: WIP | J29: Inspection | K29: PE13072601
A30: 46218 | B30: =TEXT(A30,"dddd") -> Wednesday | C30: First Energy | D30: Tirunelveli | E30: Tamil Nadu | F30: 30 | G30: Bhimsen | H30: PE22042601 | I30: Closed | J30: Retrofit | K30: PE22042601
A31: 46219 | B31: =TEXT(A31,"dddd") -> Thursday | C31: Vashi | D31: Kolhapur | E31: Maharashtra | F31: 80 | G31: By Mail | H31: PE16072601 | I31: Closed | J31: Vertual Inspection | K31: PE16072601
A32: 46219 | B32: =TEXT(A32,"dddd") -> Thursday | C32: DSH Trading | D32: Nagpur | E32: Maharashtra | F32: 1 | G32: By Mail | H32: PE17062602 | I32: Closed | J32: Vertual Inspection | K32: PE17062602
A33: 46219 | B33: =TEXT(A33,"dddd") -> Thursday | C33: First Energy | D33: Tirunelveli | E33: Tamil Nadu | F33: 28 | G33: Bhimsen | H33: PE22042601 | I33: Closed | J33: Retrofit | K33: PE22042601
A34: 46220 | B34: =TEXT(A34,"dddd") -> Friday | C34: Axitec Energy | D34: Trivandrum | E34: Kerala | F34: 2 | G34: By Mail | H34: PE17062601 | I34: Closed | J34: Inspection & Vertual Inspection | K34: PE17062601
A35: 46220 | B35: =TEXT(A35,"dddd") -> Friday | C35: Vashi | D35: Pune | E35: Maharashtra | F35: 1 | G35: By Mail | H35: PE16072603 | I35: Closed | J35: Vertual Inspection | K35: PE16072603
A36: 46220 | B36: =TEXT(A36,"dddd") -> Friday | C36: First Energy | D36: Tirunelveli | E36: Tamil Nadu | F36: 29 | G36: Bhimsen | H36: PE22042601 | I36: Closed | J36: Retrofit | K36: PE22042601
A37: 46221 | B37: =TEXT(A37,"dddd") -> Saturday | C37: Nabhas Construction | D37: Hyderabad | E37: Telangana | F37: 1 | G37: Gaurab | H37: PE17072601 | I37: Closed | J37: Retrofit | K37: PE17072601 | L37: 46221 | M37: 46221
A38: 46223 | B38: =TEXT(A38,"dddd") -> Monday | C38: Panasonic | D38: Gurugram | E38: Haryana | F38: 2 | G38: Kamal | H38: PE03072601 | I38: Closed | J38: Retrofit | K38: PE03072601 | L38: 46223
A39: 46223 | B39: =TEXT(A39,"dddd") -> Monday | C39: Panasonic | D39: Gurugram | E39: Haryana | F39: 1 | G39: Kamal | H39: PE15072602 | I39: Closed | J39: Retrofit | K39: PE15072602 | M39: 46223
A40: 46224 | B40: =TEXT(A40,"dddd") -> Tuesday | C40: First Energy | D40: Tirunelveli | E40: Tamil Nadu | F40: 31 | G40: Bhimsen | H40: PE22042601 | I40: Closed | J40: Retrofit | K40: PE22042601
A41: 46225 | B41: =TEXT(A41,"dddd") -> Wednesday | C41: First Energy | D41: Tirunelveli | E41: Tamil Nadu | F41: 17 | G41: Bhimsen | H41: PE22042601 | I41: Closed | J41: Retrofit | K41: PE22042601
A42: 46226 | B42: =TEXT(A42,"dddd") -> Thursday | C42: First Energy | D42: Tirunelveli | E42: Tamil Nadu | F42: 25 | G42: Bhimsen + Raja | H42: PE22042601 | I42: Closed | J42: Retrofit | K42: PE22042601
A43: 46227 | B43: =TEXT(A43,"dddd") -> Friday | C43: First Energy | D43: Tirunelveli | E43: Tamil Nadu | F43: 33 | G43: Bhimsen + Raja | H43: PE22042601 | I43: Closed | J43: Retrofit | K43: PE22042601
A44: 46228 | B44: =TEXT(A44,"dddd") -> Saturday | C44: First Energy | D44: Tirunelveli | E44: Tamil Nadu | F44: 18 | G44: Bhimsen + Raja | H44: PE22042601 | I44: Closed | J44: Retrofit | K44: PE22042601
A45: 46228 | B45: =TEXT(A45,"dddd") -> Saturday | C45: Panasonic | D45: Lucknow | E45: UP | F45: 8 | G45: Kamal | H45: PE24072603 | I45: Closed | J45: Inspection | K45: PE24072603 | L45: 46228
A46: 46228 | B46: =TEXT(A46,"dddd") -> Saturday | C46: Solar Square | D46: Lucknow | E46: UP | F46: 1 | G46: Kamal | H46: PE11072604 | I46: Closed | J46: Retrofit | K46: PE11072604 | N46: 46228
A47: 46230 | B47: =TEXT(A47,"dddd") -> Monday | C47: DSH Trading | D47: Nagpur | E47: Maharashtra | F47: 1 | G47: Amit | H47: PE14072603 | I47: Closed | J47: Retrofit | K47: PE14072603 | L47: 46229
A48: 46230 | B48: =TEXT(A48,"dddd") -> Monday | C48: First Energy | D48: Tirunelveli | E48: Tamil Nadu | F48: 43 | G48: Bhimsen + Raja | H48: PE22042601 | I48: Closed | J48: Retrofit | K48: PE22042601
A49: 46231 | B49: =TEXT(A49,"dddd") -> Tuesday | C49: First Energy | D49: Tirunelveli | E49: Tamil Nadu | F49: 33 | G49: Bhimsen + Raja | H49: PE22042601 | I49: Closed | J49: Retrofit | K49: PE22042601
A50: 46231 | B50: =TEXT(A50,"dddd") -> Tuesday | C50: Vashi | D50: Kolhapur | E50: Maharashtra | F50: 1 | G50: Amit | H50: PE18072603 | I50: Closed | J50: Retrofit | K50: PE18072603
A51: 46231 | B51: =TEXT(A51,"dddd") -> Tuesday | C51: Vashi | D51: Kolhapur | E51: Maharashtra | F51: 1 | G51: Amit | H51: PE18072604 | I51: WIP | J51: Inspection | K51: PE18072604
A52: 46231 | B52: =TEXT(A52,"dddd") -> Tuesday | C52: Vashi | D52: Kolhapur | E52: Maharashtra | F52: 6 | G52: Amit | H52: PE21072601 | I52: WIP | J52: Inspection | K52: PE21072601
A53: 46232 | B53: =TEXT(A53,"dddd") -> Wednesday | C53: First Energy | D53: Tirunelveli | E53: Tamil Nadu | F53: 32 | G53: Bhimsen + Raja | H53: PE22042601 | I53: Closed | J53: Retrofit | K53: PE22042601
A54: 46232 | B54: =TEXT(A54,"dddd") -> Wednesday | C54: Vashi | D54: RATNAGIRI | E54: Maharashtra | F54: 1 | G54: Amit | H54: PE27072601 | I54: Closed | J54: Retrofit | K54: PE27072601
A55: 46233 | B55: =TEXT(A55,"dddd") -> Thursday | C55: First Energy | D55: Tirunelveli | E55: Tamil Nadu | F55: 27 | G55: Bhimsen + Raja | H55: PE22042601 | I55: Closed | J55: Retrofit | K55: PE22042601
A56: 46234 | B56: =TEXT(A56,"dddd") -> Friday | C56: Panasonic | D56: Udaipur | E56: Rajasthan | F56: 2 | G56: Panasonic Team | H56: PE26062601 | I56: Closed | J56: Retrofit | K56: PE26062601
A57: 46234 | B57: =TEXT(A57,"dddd") -> Friday | C57: First Energy | D57: Tirunelveli | E57: Tamil Nadu | F57: 38 | G57: Bhimsen + Raja | H57: PE22042601 | I57: Closed | J57: Retrofit | K57: PE22042601
A58: 46234 | B58: =TEXT(A58,"dddd") -> Friday | C58: Vashi | D58: Belagavi | E58: Karnataka | F58: 1 | G58: Amit | H58: PE18072601 | I58: Closed | J58: Inspection | K58: PE18072601

Sheet Monthly Report July-26
A1: Date | B1: Year | C1: Complaint Raised By | D1: Client Type | E1: Project Name | F1: Current Status | G1: Claim Reported By | H1: Contact No. | I1: Contract / Complaint / Invoice No. | J1: Customer Reported Problem | K1: Venue / Location | L1: State | M1: Field Evaluation | N1: Our Evaluation | O1: PV Panels Wp | P1: Module Serial Number | Q1: Module Make Year | R1: Module Make Month | S1: Module Type | T1: Manufacturing Plant | U1: Remark | V1: Action Taken | W1: Resolution Type | X1: Date of Claim Settled | Y1: Claim Settlement Duration | Z1: Visit Date | AA1: Rework Srl No. | AB1: Work details
A2: 46189 | B2: 2026 | C2: True Sun Trading Company | D2: Channel Sales | F2: Closed | G2: Sarath Ananda | H2: 8848944464 | I2: PE16062604 | J2: Low VOC | K2: Iverkala | L2: Kerala | M2: PR | N2: JB Issue | O2: 515 | P2: NSMP2303564668 | Q2: =MID(P2,5,2) -> 23 | R2: =MID(P2,7,2) -> 03 | S2: G2B | T2: P2 - PEPPL | U2: P JB Issue | V2: JB Changed | W2: Repair | X2: 46204 | Y2: =X2-A2 -> 15 | Z2: 46204 | AD2: =IF(AND(F2="Closed",X2>=DATE(2026,7,1),X2<=DATE(2026,7,31)),"Closed In July","Other") -> Closed In July
A3: 46177 | B3: 2026 | C3: Ayana | D3: IPP/Utility | F3: Closed | G3: Vasu.N | H3: 9578099893 | I3: PE04062601 | J3: Module burnt | K3: Zura | L3: Gujarat | M3: NS | N3: Cold Soldering | O3: 590 | P3: NSMI24100660910 | Q3: =MID(P3,5,2) -> 24 | R3: =MID(P3,7,2) -> 10 | S3: G2G | T3: P4 - PEIPL | U3: N JB Cold Soldering | V3: Soldering | W3: Repair | X3: 46204 | Y3: =X3-A3 -> 27 | Z3: 46204 | AD3: =IF(AND(F3="Closed",X3>=DATE(2026,7,1),X3<=DATE(2026,7,31)),"Closed In July","Other") -> Closed In July
A4: 46177 | B4: 2026 | C4: Ayana | D4: IPP/Utility | F4: Closed | G4: Vasu.N | H4: 9578099893 | I4: PE04062601 | J4: Module burnt | K4: Zura | L4: Gujarat | M4: PR | N4: JB Issue | O4: 590 | P4: NSMI24100645556 | Q4: =MID(P4,5,2) -> 24 | R4: =MID(P4,7,2) -> 10 | S4: G2G | T4: P4 - PEIPL | U4: P JB Diode Issue | V4: JB Changed | W4: Repair | X4: 46204 | Y4: =X4-A4 -> 27 | Z4: 46204 | AD4: =IF(AND(F4="Closed",X4>=DATE(2026,7,1),X4<=DATE(2026,7,31)),"Closed In July","Other") -> Closed In July
A5: 46177 | B5: 2026 | C5: Ayana | D5: IPP/Utility | F5: Closed | G5: Vasu.N | H5: 9578099893 | I5: PE04062601 | J5: Module burnt | K5: Zura | L5: Gujarat | M5: PS | N5: Cold Soldering | O5: 590 | P5: NSMI24100686458 | Q5: =MID(P5,5,2) -> 24 | R5: =MID(P5,7,2) -> 10 | S5: G2G | T5: P4 - PEIPL | U5: P JB Cold Soldering | V5: Soldering | W5: Repair | X5: 46204 | Y5: =X5-A5 -> 27 | Z5: 46204 | AD5: =IF(AND(F5="Closed",X5>=DATE(2026,7,1),X5<=DATE(2026,7,31)),"Closed In July","Other") -> Closed In July
A6: 46177 | B6: 2026 | C6: Ayana | D6: IPP/Utility | F6: Closed | G6: Vasu.N | H6: 9578099893 | I6: PE04062601 | J6: Module burnt | K6: Zura | L6: Gujarat | M6: PS | N6: Cold Soldering | O6: 590 | P6: NSMI24100687353 | Q6: =MID(P6,5,2) -> 24 | R6: =MID(P6,7,2) -> 10 | S6: G2G | T6: P4 - PEIPL | U6: P JB Cold Soldering | V6: Soldering | W6: Repair | X6: 46204 | Y6: =X6-A6 -> 27 | Z6: 46204 | AD6: =IF(AND(F6="Closed",X6>=DATE(2026,7,1),X6<=DATE(2026,7,31)),"Closed In July","Other") -> Closed In July
A7: 46177 | B7: 2026 | C7: Ayana | D7: IPP/Utility | F7: Closed | G7: Vasu.N | H7: 9578099893 | I7: PE04062601 | J7: Module burnt | K7: Zura | L7: Gujarat | M7: PS | N7: Cold Soldering | O7: 590 | P7: NSMI24100686144 | Q7: =MID(P7,5,2) -> 24 | R7: =MID(P7,7,2) -> 10 | S7: G2G | T7: P4 - PEIPL | U7: P JB Cold Soldering | V7: Soldering | W7: Repair | X7: 46204 | Y7: =X7-A7 -> 27 | Z7: 46204 | AD7: =IF(AND(F7="Closed",X7>=DATE(2026,7,1),X7<=DATE(2026,7,31)),"Closed In July","Other") -> Closed In July
A8: 46177 | B8: 2026 | C8: Ayana | D8: IPP/Utility | F8: Closed | G8: Vasu.N | H8: 9578099893 | I8: PE04062601 | J8: Module burnt | K8: Zura | L8: Gujarat | M8: NS | N8: Cold Soldering | O8: 590 | P8: NSMI24100666184 | Q8: =MID(P8,5,2) -> 24 | R8: =MID(P8,7,2) -> 10 | S8: G2G | T8: P4 - PEIPL | U8: N JB Cold Soldering | V8: Soldering | W8: Repair | X8: 46204 | Y8: =X8-A8 -> 27 | Z8: 46204 | AD8: =IF(AND(F8="Closed",X8>=DATE(2026,7,1),X8<=DATE(2026,7,31)),"Closed In July","Other") -> Closed In July
A9: 46177 | B9: 2026 | C9: Ayana | D9: IPP/Utility | F9: Closed | G9: Vasu.N | H9: 9578099893 | I9: PE04062601 | J9: Module burnt | K9: Zura | L9: Gujarat | M9: PNS | N9: Cold Soldering | O9: 590 | P9: NSMI24110794434 | Q9: =MID(P9,5,2) -> 24 | R9: =MID(P9,7,2) -> 11 | S9: G2G | T9: P4 - PEIPL | U9: P & N JB Cold Soldering | V9: Soldering | W9: Repair | X9: 46204 | Y9: =DATEDIF(A9,X9,"D") -> 27 | Z9: 46204 | AD9: =IF(AND(F9="Closed",X9>=DATE(2026,7,1),X9<=DATE(2026,7,31)),"Closed In July","Other") -> Closed In July
A10: 46177 | B10: 2026 | C10: Ayana | D10: IPP/Utility | F10: Closed | G10: Vasu.N | H10: 9578099893 | I10: PE04062601 | J10: Module burnt | K10: Zura | L10: Gujarat | M10: NS | N10: Cold Soldering | O10: 590 | P10: NSMI24100665977 | Q10: =MID(P10,5,2) -> 24 | R10: =MID(P10,7,2) -> 10 | S10: G2G | T10: P4 - PEIPL | U10: N JB Cold Soldering | V10: Soldering | W10: Repair | X10: 46204 | Y10: =X10-A10 -> 27 | Z10: 46204 | AD10: =IF(AND(F10="Closed",X10>=DATE(2026,7,1),X10<=DATE(2026,7,31)),"Closed In July","Other") -> Closed In July
A11: 46177 | B11: 2026 | C11: Ayana | D11: IPP/Utility | F11: Closed | G11: Vasu.N | H11: 9578099893 | I11: PE04062601 | J11: Module burnt | K11: Zura | L11: Gujarat | M11: PS | N11: Cold Soldering | O11: 590 | P11: NSMI24110798123 | Q11: =MID(P11,5,2) -> 24 | R11: =MID(P11,7,2) -> 11 | S11: G2G | T11: P4 - PEIPL | U11: P JB Cold Soldering | V11: Soldering | W11: Repair | X11: 46204 | Y11: =X11-A11 -> 27 | Z11: 46204 | AD11: =IF(AND(F11="Closed",X11>=DATE(2026,7,1),X11<=DATE(2026,7,31)),"Closed In July","Other") -> Closed In July
A12: 46177 | B12: 2026 | C12: Ayana | D12: IPP/Utility | F12: Closed | G12: Vasu.N | H12: 9578099893 | I12: PE04062601 | J12: Module burnt | K12: Zura | L12: Gujarat | M12: PS | N12: Cold Soldering | O12: 590 | P12: NSMI24100649135 | Q12: =MID(P12,5,2) -> 24 | R12: =MID(P12,7,2) -> 10 | S12: G2G | T12: P4 - PEIPL | U12: P JB Cold Soldering | V12: Soldering | W12: Repair | X12: 46204 | Y12: =X12-A12 -> 27 | Z12: 46204 | AD12: =IF(AND(F12="Closed",X12>=DATE(2026,7,1),X12<=DATE(2026,7,31)),"Closed In July","Other") -> Closed In July
A13: 46177 | B13: 2026 | C13: Ayana | D13: IPP/Utility | F13: Closed | G13: Vasu.N | H13: 9578099893 | I13: PE04062601 | J13: Module burnt | K13: Zura | L13: Gujarat | M13: NS | N13: Cold Soldering | O13: 590 | P13: NSMI24110795313 | Q13: =MID(P13,5,2) -> 24 | R13: =MID(P13,7,2) -> 11 | S13: G2G | T13: P4 - PEIPL | U13: N JB Cold Soldering | V13: Soldering | W13: Repair | X13: 46204 | Y13: =X13-A13 -> 27 | Z13: 46204 | AD13: =IF(AND(F13="Closed",X13>=DATE(2026,7,1),X13<=DATE(2026,7,31)),"Closed In July","Other") -> Closed In July
A14: 46177 | B14: 2026 | C14: Ayana | D14: IPP/Utility | F14: Closed | G14: Vasu.N | H14: 9578099893 | I14: PE04062601 | J14: Module burnt | K14: Zura | L14: Gujarat | M14: NS | N14: Cold Soldering | O14: 590 | P14: NSMI24110795306 | Q14: =MID(P14,5,2) -> 24 | R14: =MID(P14,7,2) -> 11 | S14: G2G | T14: P4 - PEIPL | U14: N JB Cold Soldering | V14: Soldering | W14: Repair | X14: 46204 | Y14: =X14-A14 -> 27 | Z14: 46204 | AD14: =IF(AND(F14="Closed",X14>=DATE(2026,7,1),X14<=DATE(2026,7,31)),"Closed In July","Other") -> Closed In July
A15: 46177 | B15: 2026 | C15: Ayana | D15: IPP/Utility | F15: Closed | G15: Vasu.N | H15: 9578099893 | I15: PE04062601 | J15: Module burnt | K15: Zura | L15: Gujarat | M15: NS | N15: Cold Soldering | O15: 590 | P15: NSMI24110795454 | Q15: =MID(P15,5,2) -> 24 | R15: =MID(P15,7,2) -> 11 | S15: G2G | T15: P4 - PEIPL | U15: N JB Cold Soldering | V15: Soldering | W15: Repair | X15: 46204 | Y15: =X15-A15 -> 27 | Z15: 46204 | AD15: =IF(AND(F15="Closed",X15>=DATE(2026,7,1),X15<=DATE(2026,7,31)),"Closed In July","Other") -> Closed In July
A16: 46177 | B16: 2026 | C16: Ayana | D16: IPP/Utility | F16: Closed | G16: Vasu.N | H16: 9578099893 | I16: PE04062601 | J16: Module burnt | K16: Zura | L16: Gujarat | M16: PS | N16: Cold Soldering | O16: 590 | P16: NSMI24100663588 | Q16: =MID(P16,5,2) -> 24 | R16: =MID(P16,7,2) -> 10 | S16: G2G | T16: P4 - PEIPL | U16: P JB Cold Soldering | V16: Soldering | W16: Repair | X16: 46204 | Y16: =X16-A16 -> 27 | Z16: 46204 | AD16: =IF(AND(F16="Closed",X16>=DATE(2026,7,1),X16<=DATE(2026,7,31)),"Closed In July","Other") -> Closed In July
A17: 46177 | B17: 2026 | C17: Ayana | D17: IPP/Utility | F17: Closed | G17: Vasu.N | H17: 9578099893 | I17: PE04062601 | J17: Module burnt | K17: Zura | L17: Gujarat | M17: PS | N17: Cold Soldering | O17: 590 | P17: NSMI24100663787 | Q17: =MID(P17,5,2) -> 24 | R17: =MID(P17,7,2) -> 10 | S17: G2G | T17: P4 - PEIPL | U17: P JB Cold Soldering | V17: Soldering | W17: Repair | X17: 46204 | Y17: =X17-A17 -> 27 | Z17: 46204 | AD17: =IF(AND(F17="Closed",X17>=DATE(2026,7,1),X17<=DATE(2026,7,31)),"Closed In July","Other") -> Closed In July
A18: 46177 | B18: 2026 | C18: Ayana | D18: IPP/Utility | F18: Closed | G18: Vasu.N | H18: 9578099893 | I18: PE04062601 | J18: Module burnt | K18: Zura | L18: Gujarat | M18: PS | N18: Cold Soldering | O18: 590 | P18: NSMI24100668842 | Q18: =MID(P18,5,2) -> 24 | R18: =MID(P18,7,2) -> 10 | S18: G2G | T18: P4 - PEIPL | U18: P JB Cold Soldering | V18: Soldering | W18: Repair | X18: 46204 | Y18: =X18-A18 -> 27 | Z18: 46204 | AD18: =IF(AND(F18="Closed",X18>=DATE(2026,7,1),X18<=DATE(2026,7,31)),"Closed In July","Other") -> Closed In July
A19: 46177 | B19: 2026 | C19: Ayana | D19: IPP/Utility | F19: Closed | G19: Vasu.N | H19: 9578099893 | I19: PE04062601 | J19: Module burnt | K19: Zura | L19: Gujarat | M19: PS | N19: Cold Soldering | O19: 590 | P19: NSMI24100649814 | Q19: =MID(P19,5,2) -> 24 | R19: =MID(P19,7,2) -> 10 | S19: G2G | T19: P4 - PEIPL | U19: P JB Cold Soldering | V19: Soldering | W19: Repair | X19: 46204 | Y19: =X19-A19 -> 27 | Z19: 46204 | AD19: =IF(AND(F19="Closed",X19>=DATE(2026,7,1),X19<=DATE(2026,7,31)),"Closed In July","Other") -> Closed In July
A20: 46177 | B20: 2026 | C20: Ayana | D20: IPP/Utility | F20: Closed | G20: Vasu.N | H20: 9578099893 | I20: PE04062601 | J20: Module burnt | K20: Zura | L20: Gujarat | M20: PS | N20: Cold Soldering | O20: 590 | P20: NSMI24100658637 | Q20: =MID(P20,5,2) -> 24 | R20: =MID(P20,7,2) -> 10 | S20: G2G | T20: P4 - PEIPL | U20: P JB Cold Soldering | V20: Soldering | W20: Repair | X20: 46204 | Y20: =X20-A20 -> 27 | Z20: 46204 | AD20: =IF(AND(F20="Closed",X20>=DATE(2026,7,1),X20<=DATE(2026,7,31)),"Closed In July","Other") -> Closed In July
A21: 46177 | B21: 2026 | C21: Ayana | D21: IPP/Utility | F21: Closed | G21: Vasu.N | H21: 9578099893 | I21: PE04062601 | J21: Module burnt | K21: Zura | L21: Gujarat | M21: PS | N21: Cold Soldering | O21: 590 | P21: NSMI24100643199 | Q21: =MID(P21,5,2) -> 24 | R21: =MID(P21,7,2) -> 10 | S21: G2G | T21: P4 - PEIPL | U21: P JB Cold Soldering | V21: Soldering | W21: Repair | X21: 46204 | Y21: =X21-A21 -> 27 | Z21: 46204 | AD21: =IF(AND(F21="Closed",X21>=DATE(2026,7,1),X21<=DATE(2026,7,31)),"Closed In July","Other") -> Closed In July
... A264: 46134 | B264: 2026 | C264: First Energy | D264: Utility and C&I | F264: Closed | G264: Saravanakumar | H264: 8248438488 | I264: PE22042601 | J264: Anomalies/defects in the modules | K264: Tirunelveli | L264: Tamil Nadu | M264: PS | N264: Cold Soldering | O264: 550 | P264: NSMP2306323053 | Q264: =MID(P264,5,2) -> 23 | R264: =MID(P264,7,2) -> 06 | S264: G2B | T264: P2 - PEPPL | U264: P JB Cold Soldering | V264: Soldering | W264: Repair | X264: 46210 | Y264: =X264-A264 -> 76 | Z264: 46210 | AD264: =IF(AND(F264="Closed",X264>=DATE(2026,7,1),X264<=DATE(2026,7,31)),"Closed In July","Other") -> Closed In July
A265: 46143 | B265: 2026 | C265: Yanara Power | D265: IPP/Utility | F265: WIP | G265: Ashish Jindal | H265: 9983975581 | I265: PE01052601 | J265: Hotspot Issues | K265: Holi | L265: Maharashtra | M265: MULTIPLE HOTSPOT | N265: Hotspot | O265: 575 | P265: NSMI24070192988 | Q265: =MID(P265,5,2) -> 24 | R265: =MID(P265,7,2) -> 07 | S265: G2G | T265: P4 - PEIPL | U265: Multiple Hotspot Issue | V265: Onsite Inspection | W265: Under Investigation | Y265: =X265-A265 -> -46143 | Z265: 46210 | AD265: =IF(AND(F265="Closed",X265>=DATE(2026,7,1),X265<=DATE(2026,7,31)),"Closed In July","Other") -> Other
A266: 46143 | B266: 2026 | C266: Yanara Power | D266: IPP/Utility | F266: WIP | G266: Ashish Jindal | H266: 9983975581 | I266: PE01052601 | J266: Hotspot Issues | K266: Holi | L266: Maharashtra | M266: MULTIPLE HOTSPOT | N266: Hotspot | O266: 575 | P266: NSMI24070198984 | Q266: =MID(P266,5,2) -> 24 | R266: =MID(P266,7,2) -> 07 | S266: G2G | T266: P4 - PEIPL | U266: Multiple Hotspot Issue | V266: Onsite Inspection | W266: Under Investigation | Y266: =X266-A266 -> -46143 | Z266: 46210 | AD266: =IF(AND(F266="Closed",X266>=DATE(2026,7,1),X266<=DATE(2026,7,31)),"Closed In July","Other") -> Other
A267: 46143 | B267: 2026 | C267: Yanara Power | D267: IPP/Utility | F267: WIP | G267: Ashish Jindal | H267: 9983975581 | I267: PE01052601 | J267: Hotspot Issues | K267: Holi | L267: Maharashtra | M267: MULTIPLE HOTSPOT | N267: Hotspot | O267: 575 | P267: NSMI24070196603 | Q267: =MID(P267,5,2) -> 24 | R267: =MID(P267,7,2) -> 07 | S267: G2G | T267: P4 - PEIPL | U267: Multiple Hotspot Issue | V267: Onsite Inspection | W267: Under Investigation | Y267: =X267-A267 -> -46143 | Z267: 46210 | AD267: =IF(AND(F267="Closed",X267>=DATE(2026,7,1),X267<=DATE(2026,7,31)),"Closed In July","Other") -> Other
A268: 46143 | B268: 2026 | C268: Yanara Power | D268: IPP/Utility | F268: WIP | G268: Ashish Jindal | H268: 9983975581 | I268: PE01052601 | J268: Hotspot Issues | K268: Holi | L268: Maharashtra | M268: MULTIPLE HOTSPOT | N268: Hotspot | O268: 575 | P268: NSMI24070196596 | Q268: =MID(P268,5,2) -> 24 | R268: =MID(P268,7,2) -> 07 | S268: G2G | T268: P4 - PEIPL | U268: Multiple Hotspot Issue | V268: Onsite Inspection | W268: Under Investigation | Y268: =X268-A268 -> -46143 | Z268: 46210 | AD268: =IF(AND(F268="Closed",X268>=DATE(2026,7,1),X268<=DATE(2026,7,31)),"Closed In July","Other") -> Other
A269: 46143 | B269: 2026 | C269: Yanara Power | D269: IPP/Utility | F269: WIP | G269: Ashish Jindal | H269: 9983975581 | I269: PE01052601 | J269: Hotspot Issues | K269: Holi | L269: Maharashtra | M269: MULTIPLE HOTSPOT | N269: Hotspot | O269: 575 | P269: NSMI24070192686 | Q269: =MID(P269,5,2) -> 24 | R269: =MID(P269,7,2) -> 07 | S269: G2G | T269: P4 - PEIPL | U269: Multiple Hotspot Issue | V269: Onsite Inspection | W269: Under Investigation | Y269: =X269-A269 -> -46143 | Z269: 46210 | AD269: =IF(AND(F269="Closed",X269>=DATE(2026,7,1),X269<=DATE(2026,7,31)),"Closed In July","Other") -> Other
A270: 46143 | B270: 2026 | C270: Yanara Power | D270: IPP/Utility | F270: WIP | G270: Ashish Jindal | H270: 9983975581 | I270: PE01052601 | J270: Hotspot Issues | K270: Holi | L270: Maharashtra | M270: MULTIPLE HOTSPOT | N270: Hotspot | O270: 575 | P270: NSMI24080307804 | Q270: =MID(P270,5,2) -> 24 | R270: =MID(P270,7,2) -> 08 | S270: G2G | T270: P4 - PEIPL | U270: Multiple Hotspot Issue | V270: Onsite Inspection | W270: Under Investigation | Y270: =X270-A270 -> -46143 | Z270: 46210 | AD270: =IF(AND(F270="Closed",X270>=DATE(2026,7,1),X270<=DATE(2026,7,31)),"Closed In July","Other") -> Other
A271: 46143 | B271: 2026 | C271: Yanara Power | D271: IPP/Utility | F271: Closed | G271: Ashish Jindal | H271: 9983975581 | I271: PE01052601 | J271: Hotspot Issues | K271: Holi | L271: Maharashtra | M271: GLASS BROKEN | N271: Glass Breakage | O271: 575 | P271: NSMI24070202226 | Q271: =MID(P271,5,2) -> 24 | R271: =MID(P271,7,2) -> 07 | S271: G2G | T271: P4 - PEIPL | U271: Glass Breakage due to JB Tampering | V271: Onsite Inspection | W271: Rejected | X271: 46210 | Y271: =X271-A271 -> 67 | Z271: 46210 | AD271: =IF(AND(F271="Closed",X271>=DATE(2026,7,1),X271<=DATE(2026,7,31)),"Closed In July","Other") -> Closed In July
A272: 46143 | B272: 2026 | C272: Yanara Power | D272: IPP/Utility | F272: Closed | G272: Ashish Jindal | H272: 9983975581 | I272: PE01052601 | J272: Hotspot Issues | K272: Holi | L272: Maharashtra | M272: GLASS BROKEN | N272: Glass Breakage | O272: 575 | P272: NSMI24070191326 | Q272: =MID(P272,5,2) -> 24 | R272: =MID(P272,7,2) -> 07 | S272: G2G | T272: P4 - PEIPL | U272: Glass Breakage due to JB Tampering | V272: Onsite Inspection | W272: Rejected | X272: 46210 | Y272: =X272-A272 -> 67 | Z272: 46210 | AD272: =IF(AND(F272="Closed",X272>=DATE(2026,7,1),X272<=DATE(2026,7,31)),"Closed In July","Other") -> Closed In July
A273: 46143 | B273: 2026 | C273: Yanara Power | D273: IPP/Utility | F273: WIP | G273: Ashish Jindal | H273: 9983975581 | I273: PE01052601 | J273: Hotspot Issues | K273: Holi | L273: Maharashtra | M273: MULTIPLE HOTSPOT | N273: Hotspot | O273: 575 | P273: NSMI24070191746 | Q273: =MID(P273,5,2) -> 24 | R273: =MID(P273,7,2) -> 07 | S273: G2G | T273: P4 - PEIPL | U273: Multiple Hotspot Issue | V273: Onsite Inspection | W273: Under Investigation | Y273: =X273-A273 -> -46143 | Z273: 46210 | AD273: =IF(AND(F273="Closed",X273>=DATE(2026,7,1),X273<=DATE(2026,7,31)),"Closed In July","Other") -> Other
A274: 46143 | B274: 2026 | C274: Yanara Power | D274: IPP/Utility | F274: WIP | G274: Ashish Jindal | H274: 9983975581 | I274: PE01052601 | J274: Hotspot Issues | K274: Holi | L274: Maharashtra | M274: MULTIPLE HOTSPOT | N274: Hotspot | O274: 575 | P274: NSMI24070194735 | Q274: =MID(P274,5,2) -> 24 | R274: =MID(P274,7,2) -> 07 | S274: G2G | T274: P4 - PEIPL | U274: Multiple Hotspot Issue | V274: Onsite Inspection | W274: Under Investigation | Y274: =X274-A274 -> -46143 | Z274: 46210 | AD274: =IF(AND(F274="Closed",X274>=DATE(2026,7,1),X274<=DATE(2026,7,31)),"Closed In July","Other") -> Other
A275: 46143 | B275: 2026 | C275: Yanara Power | D275: IPP/Utility | F275: WIP | G275: Ashish Jindal | H275: 9983975581 | I275: PE01052601 | J275: Hotspot Issues | K275: Holi | L275: Maharashtra | M275: MULTIPLE HOTSPOT | N275: Hotspot | O275: 575 | P275: NSMI24070193981 | Q275: =MID(P275,5,2) -> 24 | R275: =MID(P275,7,2) -> 07 | S275: G2G | T275: P4 - PEIPL | U275: Multiple Hotspot Issue | V275: Onsite Inspection | W275: Under Investigation | Y275: =X275-A275 -> -46143 | Z275: 46210 | AD275: =IF(AND(F275="Closed",X275>=DATE(2026,7,1),X275<=DATE(2026,7,31)),"Closed In July","Other") -> Other
A276: 46143 | B276: 2026 | C276: Yanara Power | D276: IPP/Utility | F276: WIP | G276: Ashish Jindal | H276: 9983975581 | I276: PE01052601 | J276: Hotspot Issues | K276: Holi | L276: Maharashtra | M276: MULTIPLE HOTSPOT | N276: Hotspot | O276: 575 | P276: NSMI24070193969 | Q276: =MID(P276,5,2) -> 24 | R276: =MID(P276,7,2) -> 07 | S276: G2G | T276: P4 - PEIPL | U276: Multiple Hotspot Issue | V276: Onsite Inspection | W276: Under Investigation | Y276: =X276-A276 -> -46143 | Z276: 46210 | AD276: =IF(AND(F276="Closed",X276>=DATE(2026,7,1),X276<=DATE(2026,7,31)),"Closed In July","Other") -> Other
A277: 46134 | B277: 2026 | C277: First Energy | D277: Utility and C&I | F277: Closed | G277: Saravanakumar | H277: 8248438488 | I277: PE22042601 | J277: Anomalies/defects in the modules | K277: Tirunelveli | L277: Tamil Nadu | M277: PS | N277: Cold Soldering | O277: 550 | P277: NSMP2306223153 | Q277: =MID(P277,5,2) -> 23 | R277: =MID(P277,7,2) -> 06 | S277: G2B | T277: P2 - PEPPL | U277: P JB Cold Soldering | V277: Soldering | W277: Repair | X277: 46211 | Y277: =X277-A277 -> 77 | Z277: 46211 | AD277: =IF(AND(F277="Closed",X277>=DATE(2026,7,1),X277<=DATE(2026,7,31)),"Closed In July","Other") -> Closed In July
A278: 46134 | B278: 2026 | C278: First Energy | D278: Utility and C&I | F278: Closed | G278: Saravanakumar | H278: 8248438488 | I278: PE22042601 | J278: Anomalies/defects in the modules | K278: Tirunelveli | L278: Tamil Nadu | M278: PS | N278: Cold Soldering | O278: 550 | P278: NSMP2305158511 | Q278: =MID(P278,5,2) -> 23 | R278: =MID(P278,7,2) -> 05 | S278: G2B | T278: P2 - PEPPL | U278: P JB Cold Soldering | V278: Soldering | W278: Repair | X278: 46211 | Y278: =X278-A278 -> 77 | Z278: 46211 | AD278: =IF(AND(F278="Closed",X278>=DATE(2026,7,1),X278<=DATE(2026,7,31)),"Closed In July","Other") -> Closed In July
A279: 46134 | B279: 2026 | C279: First Energy | D279: Utility and C&I | F279: Closed | G279: Saravanakumar | H279: 8248438488 | I279: PE22042601 | J279: Anomalies/defects in the modules | K279: Tirunelveli | L279: Tamil Nadu | M279: PS | N279: Cold Soldering | O279: 550 | P279: NSMP2306224023 | Q279: =MID(P279,5,2) -> 23 | R279: =MID(P279,7,2) -> 06 | S279: G2B | T279: P2 - PEPPL | U279: P JB Cold Soldering | V279: Soldering | W279: Repair | X279: 46211 | Y279: =X279-A279 -> 77 | Z279: 46211 | AD279: =IF(AND(F279="Closed",X279>=DATE(2026,7,1),X279<=DATE(2026,7,31)),"Closed In July","Other") -> Closed In July
A280: 46134 | B280: 2026 | C280: First Energy | D280: Utility and C&I | F280: Closed | G280: Saravanakumar | H280: 8248438488 | I280: PE22042601 | J280: Anomalies/defects in the modules | K280: Tirunelveli | L280: Tamil Nadu | M280: PS | N280: Cold Soldering | O280: 550 | P280: NSMP2305160761 | Q280: =MID(P280,5,2) -> 23 | R280: =MID(P280,7,2) -> 05 | S280: G2B | T280: P2 - PEPPL | U280: P JB Cold Soldering | V280: Soldering | W280: Repair | X280: 46211 | Y280: =X280-A280 -> 77 | Z280: 46211 | AD280: =IF(AND(F280="Closed",X280>=DATE(2026,7,1),X280<=DATE(2026,7,31)),"Closed In July","Other") -> Closed In July
A281: 46134 | B281: 2026 | C281: First Energy | D281: Utility and C&I | F281: Closed | G281: Saravanakumar | H281: 8248438488 | I281: PE22042601 | J281: Anomalies/defects in the modules | K281: Tirunelveli | L281: Tamil Nadu | M281: PS | N281: Cold Soldering | O281: 550 | P281: NSMP2305160592 | Q281: =MID(P281,5,2) -> 23 | R281: =MID(P281,7,2) -> 05 | S281: G2B | T281: P2 - PEPPL | U281: P JB Cold Soldering | V281: Soldering | W281: Repair | X281: 46211 | Y281: =X281-A281 -> 77 | Z281: 46211 | AD281: =IF(AND(F281="Closed",X281>=DATE(2026,7,1),X281<=DATE(2026,7,31)),"Closed In July","Other") -> Closed In July
A282: 46134 | B282: 2026 | C282: First Energy | D282: Utility and C&I | F282: Closed | G282: Saravanakumar | H282: 8248438488 | I282: PE22042601 | J282: Anomalies/defects in the modules | K282: Tirunelveli | L282: Tamil Nadu | M282: PS | N282: Cold Soldering | O282: 550 | P282: NSMP2305158542 | Q282: =MID(P282,5,2) -> 23 | R282: =MID(P282,7,2) -> 05 | S282: G2B | T282: P2 - PEPPL | U282: P JB Cold Soldering | V282: Soldering | W282: Repair | X282: 46211 | Y282: =X282-A282 -> 77 | Z282: 46211 | AD282: =IF(AND(F282="Closed",X282>=DATE(2026,7,1),X282<=DATE(2026,7,31)),"Closed In July","Other") -> Closed In July
A283: 46134 | B283: 2026 | C283: First Energy | D283: Utility and C&I | F283: Closed | G283: Saravanakumar | H283: 8248438488 | I283: PE22042601 | J283: Anomalies/defects in the modules | K283: Tirunelveli | L283: Tamil Nadu | M283: PS | N283: Cold Soldering | O283: 550 | P283: NSMP2305157817 | Q283: =MID(P283,5,2) -> 23 | R283: =MID(P283,7,2) -> 05 | S283: G2B | T283: P2 - PEPPL | U283: P JB Cold Soldering | V283: Soldering | W283: Repair | X283: 46211 | Y283: =X283-A283 -> 77 | Z283: 46211 | AD283: =IF(AND(F283="Closed",X283>=DATE(2026,7,1),X283<=DATE(2026,7,31)),"Closed In July","Other") -> Closed In July
A284: 46134 | B284: 2026 | C284: First Energy | D284: Utility and C&I | F284: Closed | G284: Saravanakumar | H284: 8248438488 | I284: PE22042601 | J284: Anomalies/defects in the modules | K284: Tirunelveli | L284: Tamil Nadu | M284: PS | N284: Cold Soldering | O284: 550 | P284: NSMP2305160852 | Q284: =MID(P284,5,2) -> 23 | R284: =MID(P284,7,2) -> 05 | S284: G2B | T284: P2 - PEPPL | U284: P JB Cold Soldering | V284: Soldering | W284: Repair | X284: 46211 | Y284: =X284-A284 -> 77 | Z284: 46211 | AD284: =IF(AND(F284="Closed",X284>=DATE(2026,7,1),X284<=DATE(2026,7,31)),"Closed In July","Other") -> Closed In July
A285: 46134 | B285: 2026 | C285: First Energy | D285: Utility and C&I | F285: Closed | G285: Saravanakumar | H285: 8248438488 | I285: PE22042601 | J285: Anomalies/defects in the modules | K285: Tirunelveli | L285: Tamil Nadu | M285: PR | N285: JB Issue | O285: 550 | P285: NSMP2305142009 | Q285: =MID(P285,5,2) -> 23 | R285: =MID(P285,7,2) -> 05 | S285: G2B | T285: P2 - PEPPL | U285: P JB Diode Issue | V285: JB Changed | W285: Repair | X285: 46211 | Y285: =X285-A285 -> 77 | Z285: 46211 | AD285: =IF(AND(F285="Closed",X285>=DATE(2026,7,1),X285<=DATE(2026,7,31)),"Closed In July","Other") -> Closed In July
A286: 46134 | B286: 2026 | C286: First Energy | D286: Utility and C&I | F286: Closed | G286: Saravanakumar | H286: 8248438488 | I286: PE22042601 | J286: Anomalies/defects in the modules | K286: Tirunelveli | L286: Tamil Nadu | M286: PS | N286: Cold Soldering | O286: 550 | P286: NSMP2305161176 | Q286: =MID(P286,5,2) -> 23 | R286: =MID(P286,7,2) -> 05 | S286: G2B | T286: P2 - PEPPL | U286: P JB Cold Soldering | V286: Soldering | W286: Repair | X286: 46211 | Y286: =X286-A286 -> 77 | Z286: 46211 | AD286: =IF(AND(F286="Closed",X286>=DATE(2026,7,1),X286<=DATE(2026,7,31)),"Closed In July","Other") -> Closed In July
A287: 46134 | B287: 2026 | C287: First Energy | D287: Utility and C&I | F287: Closed | G287: Saravanakumar | H287: 8248438488 | I287: PE22042601 | J287: Anomalies/defects in the modules | K287: Tirunelveli | L287: Tamil Nadu | M287: PR | N287: JB Issue | O287: 550 | P287: NSMP2305160816 | Q287: =MID(P287,5,2) -> 23 | R287: =MID(P287,7,2) -> 05 | S287: G2B | T287: P2 - PEPPL | U287: P JB Diode Issue | V287: JB Changed | W287: Repair | X287: 46211 | Y287: =X287-A287 -> 77 | Z287: 46211 | AD287: =IF(AND(F287="Closed",X287>=DATE(2026,7,1),X287<=DATE(2026,7,31)),"Closed In July","Other") -> Closed In July
A288: 46134 | B288: 2026 | C288: First Energy | D288: Utility and C&I | F288: Closed | G288: Saravanakumar | H288: 8248438488 | I288: PE22042601 | J288: Anomalies/defects in the modules | K288: Tirunelveli | L288: Tamil Nadu | M288: PS | N288: Cold Soldering | O288: 550 | P288: NSMP2305156151 | Q288: =MID(P288,5,2) -> 23 | R288: =MID(P288,7,2) -> 05 | S288: G2B | T288: P2 - PEPPL | U288: P JB Cold Soldering | V288: Soldering | W288: Repair | X288: 46211 | Y288: =X288-A288 -> 77 | Z288: 46211 | AD288: =IF(AND(F288="Closed",X288>=DATE(2026,7,1),X288<=DATE(2026,7,31)),"Closed In July","Other") -> Closed In July
... A320: 46199 | B320: 2026 | C320: Panasonic | D320: OEM | F320: Closed | G320: Chirag Tare | H320: 7719846027 | I320: PE26062602 | J320: Low generation | K320: Nagpur | L320: Maharashtra | M320: NS | N320: Cold Soldering | O320: 545 | P320: NSMP2211232234 | Q320: =MID(P320,5,2) -> 22 | R320: =MID(P320,7,2) -> 11 | S320: G2B | T320: P2 - PEPPL | U320: N JB Cold Soldering | V320: Soldering | W320: Repair | X320: 46212 | Y320: =X320-A320 -> 13 | Z320: 46212 | AD320: =IF(AND(F320="Closed",X320>=DATE(2026,7,1),X320<=DATE(2026,7,31)),"Closed In July","Other") -> Closed In July
A321: 46212 | B321: 2026 | C321: Arsiga Solar | D321: Channel Sales | F321: Closed | G321: Rakhi | H321: 7459871048 | I321: PE09072601 | J321: Scratch and Broken | K321: Lucknow | L321: Uttar Pradesh | M321: No Visit | N321: Aesthetic | O321: 545 | P321: NSMP25080678836 | Q321: =MID(P321,5,2) -> 25 | R321: =MID(P321,7,2) -> 08 | S321: G2TB | T321: P2 - PEPPL | U321: Aesthetic in nature | V321: Virtually Rejected | W321: Rejected | X321: 46213 | Y321: =X321-A321 -> 1 | Z321: By Mail | AD321: =IF(AND(F321="Closed",X321>=DATE(2026,7,1),X321<=DATE(2026,7,31)),"Closed In July","Other") -> Closed In July
A322: 46150 | B322: 2026 | C322: Solar Square | D322: OEM | F322: Closed | G322: Murali | H322: 9703345015 | I322: PE08052602 | J322: Glass breakage | K322: Nagpur | L322: Maharashtra | M322: No Visit | N322: Glass Breakage | O322: 540 | P322: NSMP25080690139 | Q322: =MID(P322,5,2) -> 25 | R322: =MID(P322,7,2) -> 08 | S322: G2G | T322: P2 - PEPPL | U322: Spontaneous Glass Breakage | V322: Virtually Inspection | W322: Credit Note | X322: 46213 | Y322: =X322-A322 -> 63 | Z322: 46213 | AD322: =IF(AND(F322="Closed",X322>=DATE(2026,7,1),X322<=DATE(2026,7,31)),"Closed In July","Other") -> Closed In July
A323: 46134 | B323: 2026 | C323: First Energy | D323: Utility and C&I | F323: Closed | G323: Saravanakumar | H323: 8248438488 | I323: PE22042601 | J323: Anomalies/defects in the modules | K323: Tirunelveli | L323: Tamil Nadu | M323: PS | N323: Cold Soldering | O323: 550 | P323: NSMP2305158688 | Q323: =MID(P323,5,2) -> 23 | R323: =MID(P323,7,2) -> 05 | S323: G2B | T323: P2 - PEPPL | U323: P JB Cold Soldering | V323: Soldering | W323: Repair | X323: 46214 | Y323: =X323-A323 -> 80 | Z323: 46214 | AD323: =IF(AND(F323="Closed",X323>=DATE(2026,7,1),X323<=DATE(2026,7,31)),"Closed In July","Other") -> Closed In July
A324: 46134 | B324: 2026 | C324: First Energy | D324: Utility and C&I | F324: Closed | G324: Saravanakumar | H324: 8248438488 | I324: PE22042601 | J324: Anomalies/defects in the modules | K324: Tirunelveli | L324: Tamil Nadu | M324: PS | N324: Cold Soldering | O324: 550 | P324: NSMP2305185425 | Q324: =MID(P324,5,2) -> 23 | R324: =MID(P324,7,2) -> 05 | S324: G2B | T324: P2 - PEPPL | U324: P JB Cold Soldering | V324: Soldering | W324: Repair | X324: 46214 | Y324: =X324-A324 -> 80 | Z324: 46214 | AD324: =IF(AND(F324="Closed",X324>=DATE(2026,7,1),X324<=DATE(2026,7,31)),"Closed In July","Other") -> Closed In July
A325: 46134 | B325: 2026 | C325: First Energy | D325: Utility and C&I | F325: Closed | G325: Saravanakumar | H325: 8248438488 | I325: PE22042601 | J325: Anomalies/defects in the modules | K325: Tirunelveli | L325: Tamil Nadu | M325: NS | N325: Cold Soldering | O325: 550 | P325: NSMP2305141381 | Q325: =MID(P325,5,2) -> 23 | R325: =MID(P325,7,2) -> 05 | S325: G2B | T325: P2 - PEPPL | U325: N JB Cold Soldering | V325: Soldering | W325: Repair | X325: 46214 | Y325: =X325-A325 -> 80 | Z325: 46214 | AD325: =IF(AND(F325="Closed",X325>=DATE(2026,7,1),X325<=DATE(2026,7,31)),"Closed In July","Other") -> Closed In July
A326: 46134 | B326: 2026 | C326: First Energy | D326: Utility and C&I | F326: Closed | G326: Saravanakumar | H326: 8248438488 | I326: PE22042601 | J326: Anomalies/defects in the modules | K326: Tirunelveli | L326: Tamil Nadu | M326: PS | N326: Cold Soldering | O326: 550 | P326: NSMP2305188370 | Q326: =MID(P326,5,2) -> 23 | R326: =MID(P326,7,2) -> 05 | S326: G2B | T326: P2 - PEPPL | U326: P JB Cold Soldering | V326: Soldering | W326: Repair | X326: 46214 | Y326: =X326-A326 -> 80 | Z326: 46214 | AD326: =IF(AND(F326="Closed",X326>=DATE(2026,7,1),X326<=DATE(2026,7,31)),"Closed In July","Other") -> Closed In July
A327: 46134 | B327: 2026 | C327: First Energy | D327: Utility and C&I | F327: Closed | G327: Saravanakumar | H327: 8248438488 | I327: PE22042601 | J327: Anomalies/defects in the modules | K327: Tirunelveli | L327: Tamil Nadu | M327: PS | N327: Cold Soldering | O327: 550 | P327: NSMP2306326307 | Q327: =MID(P327,5,2) -> 23 | R327: =MID(P327,7,2) -> 06 | S327: G2B | T327: P2 - PEPPL | U327: P JB Cold Soldering | V327: Soldering | W327: Repair | X327: 46214 | Y327: =X327-A327 -> 80 | Z327: 46214 | AD327: =IF(AND(F327="Closed",X327>=DATE(2026,7,1),X327<=DATE(2026,7,31)),"Closed In July","Other") -> Closed In July
A328: 46134 | B328: 2026 | C328: First Energy | D328: Utility and C&I | F328: Closed | G328: Saravanakumar | H328: 8248438488 | I328: PE22042601 | J328: Anomalies/defects in the modules | K328: Tirunelveli | L328: Tamil Nadu | M328: PS | N328: Cold Soldering | O328: 550 | P328: NSMP2305160419 | Q328: =MID(P328,5,2) -> 23 | R328: =MID(P328,7,2) -> 05 | S328: G2B | T328: P2 - PEPPL | U328: P JB Cold Soldering | V328: Soldering | W328: Repair | X328: 46214 | Y328: =X328-A328 -> 80 | Z328: 46214 | AD328: =IF(AND(F328="Closed",X328>=DATE(2026,7,1),X328<=DATE(2026,7,31)),"Closed In July","Other") -> Closed In July
A329: 46134 | B329: 2026 | C329: First Energy | D329: Utility and C&I | F329: Closed | G329: Saravanakumar | H329: 8248438488 | I329: PE22042601 | J329: Anomalies/defects in the modules | K329: Tirunelveli | L329: Tamil Nadu | M329: PS | N329: Cold Soldering | O329: 550 | P329: NSMP2305146473 | Q329: =MID(P329,5,2) -> 23 | R329: =MID(P329,7,2) -> 05 | S329: G2B | T329: P2 - PEPPL | U329: P JB Cold Soldering | V329: Soldering | W329: Repair | X329: 46214 | Y329: =X329-A329 -> 80 | Z329: 46214 | AD329: =IF(AND(F329="Closed",X329>=DATE(2026,7,1),X329<=DATE(2026,7,31)),"Closed In July","Other") -> Closed In July
A330: 46134 | B330: 2026 | C330: First Energy | D330: Utility and C&I | F330: Closed | G330: Saravanakumar | H330: 8248438488 | I330: PE22042601 | J330: Anomalies/defects in the modules | K330: Tirunelveli | L330: Tamil Nadu | M330: PS | N330: Cold Soldering | O330: 550 | P330: NSMP2305146463 | Q330: =MID(P330,5,2) -> 23 | R330: =MID(P330,7,2) -> 05 | S330: G2B | T330: P2 - PEPPL | U330: P JB Cold Soldering | V330: Soldering | W330: Repair | X330: 46214 | Y330: =X330-A330 -> 80 | Z330: 46214 | AD330: =IF(AND(F330="Closed",X330>=DATE(2026,7,1),X330<=DATE(2026,7,31)),"Closed In July","Other") -> Closed In July
A331: 46134 | B331: 2026 | C331: First Energy | D331: Utility and C&I | F331: Closed | G331: Saravanakumar | H331: 8248438488 | I331: PE22042601 | J331: Anomalies/defects in the modules | K331: Tirunelveli | L331: Tamil Nadu | M331: PS | N331: Cold Soldering | O331: 550 | P331: NSMP2306270215 | Q331: =MID(P331,5,2) -> 23 | R331: =MID(P331,7,2) -> 06 | S331: G2B | T331: P2 - PEPPL | U331: P JB Cold Soldering | V331: Soldering | W331: Repair | X331: 46214 | Y331: =X331-A331 -> 80 | Z331: 46214 | AD331: =IF(AND(F331="Closed",X331>=DATE(2026,7,1),X331<=DATE(2026,7,31)),"Closed In July","Other") -> Closed In July
A332: 46134 | B332: 2026 | C332: First Energy | D332: Utility and C&I | F332: Closed | G332: Saravanakumar | H332: 8248438488 | I332: PE22042601 | J332: Anomalies/defects in the modules | K332: Tirunelveli | L332: Tamil Nadu | M332: PS | N332: Cold Soldering | O332: 550 | P332: NSMP2305158948 | Q332: =MID(P332,5,2) -> 23 | R332: =MID(P332,7,2) -> 05 | S332: G2B | T332: P2 - PEPPL | U332: P JB Cold Soldering | V332: Soldering | W332: Repair | X332: 46214 | Y332: =X332-A332 -> 80 | Z332: 46214 | AD332: =IF(AND(F332="Closed",X332>=DATE(2026,7,1),X332<=DATE(2026,7,31)),"Closed In July","Other") -> Closed In July
A333: 46134 | B333: 2026 | C333: First Energy | D333: Utility and C&I | F333: Closed | G333: Saravanakumar | H333: 8248438488 | I333: PE22042601 | J333: Anomalies/defects in the modules | K333: Tirunelveli | L333: Tamil Nadu | M333: PS | N333: Cold Soldering | O333: 550 | P333: NSMP2305161500 | Q333: =MID(P333,5,2) -> 23 | R333: =MID(P333,7,2) -> 05 | S333: G2B | T333: P2 - PEPPL | U333: P JB Cold Soldering | V333: Soldering | W333: Repair | X333: 46214 | Y333: =X333-A333 -> 80 | Z333: 46214 | AD333: =IF(AND(F333="Closed",X333>=DATE(2026,7,1),X333<=DATE(2026,7,31)),"Closed In July","Other") -> Closed In July
... A360: 46205 | B360: 2026 | C360: Solar Square | D360: OEM | F360: Closed | G360: Murali | H360: 9703345015 | I360: PE02072601 | J360: Low VOC | K360: Nagpur | L360: Maharashtra | M360: ALL JB BURN | N360: Lightning strike / Wrong connection | O360: 540 | P360: NSMP25012381609 | Q360: =MID(P360,5,2) -> 25 | R360: =MID(P360,7,2) -> 01 | S360: G2TB | T360: P2 - PEPPL | U360: JB,ACDB, DCDB boxes & Inverter were damaged due to a lightning strike. | V360: Onsite Inspection | W360: Rejected | X360: 46214 | Y360: =X360-A360 -> 9 | Z360: 46214 | AD360: =IF(AND(F360="Closed",X360>=DATE(2026,7,1),X360<=DATE(2026,7,31)),"Closed In July","Other") -> Closed In July
A361: 46140 | B361: 2026 | C361: Arsiga Solar | D361: Channel Sales | F361: Closed | G361: Rakhi | H361: 7459871048 | I361: PE28042601 | J361: Manufacturing defect | K361: Jaipur | L361: Rajasthan | M361: No Visit | N361: Tab lead Burn & Glass Breakage | O361: 610 | P361: NSMG25060118404 | Q361: =MID(P361,5,2) -> 25 | R361: =MID(P361,7,2) -> 06 | S361: G2G | T361: P5 - PEGPL | U361: Improper ribbon/tab lead soldering | V361: Virtually Inspection | W361: Credit Note | X361: 46216 | Y361: =X361-A361 -> 76 | Z361: By Mail | AD361: =IF(AND(F361="Closed",X361>=DATE(2026,7,1),X361<=DATE(2026,7,31)),"Closed In July","Other") -> Closed In July
A362: 46205 | B362: 2026 | C362: Arsiga Solar | D362: Channel Sales | F362: Closed | G362: Rakhi | H362: 7459871048 | I362: PE02072606 | J362: Panel sparking | K362: Kanpur | L362: Uttar Pradesh | M362: No Visit | N362: Improper and loose clipping | O362: 540 | P362: NSMP26021367742 | Q362: =MID(P362,5,2) -> 26 | R362: =MID(P362,7,2) -> 02 | S362: G2TB | T362: P2 - PEPPL | U362: Overheating and subsequent burning of the MC4 connectors due to improper connection | V362: Virtually Inspected | W362: Rejected | X362: 46216 | Y362: =X362-A362 -> 11 | Z362: By Mail | AD362: =IF(AND(F362="Closed",X362>=DATE(2026,7,1),X362<=DATE(2026,7,31)),"Closed In July","Other") -> Closed In July
A363: 46205 | B363: 2026 | C363: Arsiga Solar | D363: Channel Sales | F363: Closed | G363: Rakhi | H363: 7459871048 | I363: PE02072606 | J363: Panel sparking | K363: Kanpur | L363: Uttar Pradesh | M363: No Visit | N363: Improper and loose clipping | O363: 540 | P363: NSMP26021366283 | Q363: =MID(P363,5,2) -> 26 | R363: =MID(P363,7,2) -> 02 | S363: G2TB | T363: P2 - PEPPL | U363: Overheating and subsequent burning of the MC4 connectors due to improper connection | V363: Virtually Inspected | W363: Rejected | X363: 46216 | Y363: =X363-A363 -> 11 | Z363: By Mail | AD363: =IF(AND(F363="Closed",X363>=DATE(2026,7,1),X363<=DATE(2026,7,31)),"Closed In July","Other") -> Closed In July
A364: 46134 | B364: 2026 | C364: First Energy | D364: Utility and C&I | F364: Closed | G364: Saravanakumar | H364: 8248438488 | I364: PE22042601 | J364: Anomalies/defects in the modules | K364: Tirunelveli | L364: Tamil Nadu | M364: PS | N364: Cold Soldering | O364: 550 | P364: NSMP2305186985 | Q364: =MID(P364,5,2) -> 23 | R364: =MID(P364,7,2) -> 05 | S364: G2B | T364: P2 - PEPPL | U364: P JB Cold Soldering | V364: Soldering | W364: Repair | X364: 46216 | Y364: =X364-A364 -> 82 | Z364: 46216 | AD364: =IF(AND(F364="Closed",X364>=DATE(2026,7,1),X364<=DATE(2026,7,31)),"Closed In July","Other") -> Closed In July
A365: 46134 | B365: 2026 | C365: First Energy | D365: Utility and C&I | F365: Closed | G365: Saravanakumar | H365: 8248438488 | I365: PE22042601 | J365: Anomalies/defects in the modules | K365: Tirunelveli | L365: Tamil Nadu | M365: PS | N365: Cold Soldering | O365: 550 | P365: NSMP2305187094 | Q365: =MID(P365,5,2) -> 23 | R365: =MID(P365,7,2) -> 05 | S365: G2B | T365: P2 - PEPPL | U365: P JB Cold Soldering | V365: Soldering | W365: Repair | X365: 46216 | Y365: =X365-A365 -> 82 | Z365: 46216 | AD365: =IF(AND(F365="Closed",X365>=DATE(2026,7,1),X365<=DATE(2026,7,31)),"Closed In July","Other") -> Closed In July
A366: 46134 | B366: 2026 | C366: First Energy | D366: Utility and C&I | F366: Closed | G366: Saravanakumar | H366: 8248438488 | I366: PE22042601 | J366: Anomalies/defects in the modules | K366: Tirunelveli | L366: Tamil Nadu | M366: PS | N366: Cold Soldering | O366: 550 | P366: NSMP2305161002 | Q366: =MID(P366,5,2) -> 23 | R366: =MID(P366,7,2) -> 05 | S366: G2B | T366: P2 - PEPPL | U366: P JB Cold Soldering | V366: Soldering | W366: Repair | X366: 46216 | Y366: =X366-A366 -> 82 | Z366: 46216 | AD366: =IF(AND(F366="Closed",X366>=DATE(2026,7,1),X366<=DATE(2026,7,31)),"Closed In July","Other") -> Closed In July
A367: 46134 | B367: 2026 | C367: First Energy | D367: Utility and C&I | F367: Closed | G367: Saravanakumar | H367: 8248438488 | I367: PE22042601 | J367: Anomalies/defects in the modules | K367: Tirunelveli | L367: Tamil Nadu | M367: NS | N367: Cold Soldering | O367: 550 | P367: NSMP2306319050 | Q367: =MID(P367,5,2) -> 23 | R367: =MID(P367,7,2) -> 06 | S367: G2B | T367: P2 - PEPPL | U367: N JB Cold Soldering | V367: Soldering | W367: Repair | X367: 46216 | Y367: =X367-A367 -> 82 | Z367: 46216 | AD367: =IF(AND(F367="Closed",X367>=DATE(2026,7,1),X367<=DATE(2026,7,31)),"Closed In July","Other") -> Closed In July
A368: 46134 | B368: 2026 | C368: First Energy | D368: Utility and C&I | F368: Closed | G368: Saravanakumar | H368: 8248438488 | I368: PE22042601 | J368: Anomalies/defects in the modules | K368: Tirunelveli | L368: Tamil Nadu | M368: NS | N368: Cold Soldering | O368: 550 | P368: NSMP2305138978 | Q368: =MID(P368,5,2) -> 23 | R368: =MID(P368,7,2) -> 05 | S368: G2B | T368: P2 - PEPPL | U368: N JB Cold Soldering | V368: Soldering | W368: Repair | X368: 46216 | Y368: =X368-A368 -> 82 | Z368: 46216 | AD368: =IF(AND(F368="Closed",X368>=DATE(2026,7,1),X368<=DATE(2026,7,31)),"Closed In July","Other") -> Closed In July
A369: 46134 | B369: 2026 | C369: First Energy | D369: Utility and C&I | F369: Closed | G369: Saravanakumar | H369: 8248438488 | I369: PE22042601 | J369: Anomalies/defects in the modules | K369: Tirunelveli | L369: Tamil Nadu | M369: PS | N369: Cold Soldering | O369: 550 | P369: NSMP2306244220 | Q369: =MID(P369,5,2) -> 23 | R369: =MID(P369,7,2) -> 06 | S369: G2B | T369: P2 - PEPPL | U369: P JB Cold Soldering | V369: Soldering | W369: Repair | X369: 46216 | Y369: =X369-A369 -> 82 | Z369: 46216 | AD369: =IF(AND(F369="Closed",X369>=DATE(2026,7,1),X369<=DATE(2026,7,31)),"Closed In July","Other") -> Closed In July
A370: 46134 | B370: 2026 | C370: First Energy | D370: Utility and C&I | F370: Closed | G370: Saravanakumar | H370: 8248438488 | I370: PE22042601 | J370: Anomalies/defects in the modules | K370: Tirunelveli | L370: Tamil Nadu | M370: PS | N370: Cold Soldering | O370: 550 | P370: NSMP2305160539 | Q370: =MID(P370,5,2) -> 23 | R370: =MID(P370,7,2) -> 05 | S370: G2B | T370: P2 - PEPPL | U370: P JB Cold Soldering | V370: Soldering | W370: Repair | X370: 46216 | Y370: =X370-A370 -> 82 | Z370: 46216 | AD370: =IF(AND(F370="Closed",X370>=DATE(2026,7,1),X370<=DATE(2026,7,31)),"Closed In July","Other") -> Closed In July
A371: 46134 | B371: 2026 | C371: First Energy | D371: Utility and C&I | F371: Closed | G371: Saravanakumar | H371: 8248438488 | I371: PE22042601 | J371: Anomalies/defects in the modules | K371: Tirunelveli | L371: Tamil Nadu | M371: PS | N371: Cold Soldering | O371: 550 | P371: NSMP2305161387 | Q371: =MID(P371,5,2) -> 23 | R371: =MID(P371,7,2) -> 05 | S371: G2B | T371: P2 - PEPPL | U371: P JB Cold Soldering | V371: Soldering | W371: Repair | X371: 46216 | Y371: =X371-A371 -> 82 | Z371: 46216 | AD371: =IF(AND(F371="Closed",X371>=DATE(2026,7,1),X371<=DATE(2026,7,31)),"Closed In July","Other") -> Closed In July
A372: 46134 | B372: 2026 | C372: First Energy | D372: Utility and C&I | F372: Closed | G372: Saravanakumar | H372: 8248438488 | I372: PE22042601 | J372: Anomalies/defects in the modules | K372: Tirunelveli | L372: Tamil Nadu | M372: PS | N372: Cold Soldering | O372: 550 | P372: NSMP2305161335 | Q372: =MID(P372,5,2) -> 23 | R372: =MID(P372,7,2) -> 05 | S372: G2B | T372: P2 - PEPPL | U372: P JB Cold Soldering | V372: Soldering | W372: Repair | X372: 46216 | Y372: =X372-A372 -> 82 | Z372: 46216 | AD372: =IF(AND(F372="Closed",X372>=DATE(2026,7,1),X372<=DATE(2026,7,31)),"Closed In July","Other") -> Closed In July
A373: 46134 | B373: 2026 | C373: First Energy | D373: Utility and C&I | F373: Closed | G373: Saravanakumar | H373: 8248438488 | I373: PE22042601 | J373: Anomalies/defects in the modules | K373: Tirunelveli | L373: Tamil Nadu | M373: PS | N373: Cold Soldering | O373: 550 | P373: NSMP2306262997 | Q373: =MID(P373,5,2) -> 23 | R373: =MID(P373,7,2) -> 06 | S373: G2B | T373: P2 - PEPPL | U373: P JB Cold Soldering | V373: Soldering | W373: Repair | X373: 46216 | Y373: =X373-A373 -> 82 | Z373: 46216 | AD373: =IF(AND(F373="Closed",X373>=DATE(2026,7,1),X373<=DATE(2026,7,31)),"Closed In July","Other") -> Closed In July
A374: 46134 | B374: 2026 | C374: First Energy | D374: Utility and C&I | F374: Closed | G374: Saravanakumar | H374: 8248438488 | I374: PE22042601 | J374: Anomalies/defects in the modules | K374: Tirunelveli | L374: Tamil Nadu | M374: PR | N374: JB Issue | O374: 550 | P374: NSMP2305141673 | Q374: =MID(P374,5,2) -> 23 | R374: =MID(P374,7,2) -> 05 | S374: G2B | T374: P2 - PEPPL | U374: P JB Diode Issue | V374: JB Changed | W374: Repair | X374: 46216 | Y374: =X374-A374 -> 82 | Z374: 46216 | AD374: =IF(AND(F374="Closed",X374>=DATE(2026,7,1),X374<=DATE(2026,7,31)),"Closed In July","Other") -> Closed In July
A375: 46134 | B375: 2026 | C375: First Energy | D375: Utility and C&I | F375: Closed | G375: Saravanakumar | H375: 8248438488 | I375: PE22042601 | J375: Anomalies/defects in the modules | K375: Tirunelveli | L375: Tamil Nadu | M375: PS | N375: Cold Soldering | O375: 550 | P375: NSMP2305161081 | Q375: =MID(P375,5,2) -> 23 | R375: =MID(P375,7,2) -> 05 | S375: G2B | T375: P2 - PEPPL | U375: P JB Cold Soldering | V375: Soldering | W375: Repair | X375: 46216 | Y375: =X375-A375 -> 82 | Z375: 46216 | AD375: =IF(AND(F375="Closed",X375>=DATE(2026,7,1),X375<=DATE(2026,7,31)),"Closed In July","Other") -> Closed In July
... A381: 46134 | B381: 2026 | C381: First Energy | D381: Utility and C&I | F381: Closed | G381: Saravanakumar | H381: 8248438488 | I381: PE22042601 | J381: Anomalies/defects in the modules | K381: Tirunelveli | L381: Tamil Nadu | M381: PS | N381: Cold Soldering | O381: 550 | P381: NSMP2305161122 | Q381: =MID(P381,5,2) -> 23 | R381: =MID(P381,7,2) -> 05 | S381: G2B | T381: P2 - PEPPL | U381: P JB Cold Soldering | V381: Soldering | W381: Repair | X381: 46216 | Y381: =X381-A381 -> 82 | Z381: 46216 | AD381: =IF(AND(F381="Closed",X381>=DATE(2026,7,1),X381<=DATE(2026,7,31)),"Closed In July","Other") -> Closed In July
A382: 46216 | B382: 2026 | C382: Solar Square | D382: OEM | F382: WIP | G382: Chirag Tare | H382: 9703345015 | I382: PE13072601 | J382: Low VOC | K382: Hyderabad | L382: Telangana | M382: Amperes generation low | N382: Low VOC | O382: 335 | P382: NSM230526035 | Q382: =MID(P382,4,2) -> 23 | R382: =MID(P382,6,2) -> 05 | S382: G2B | T382: P1 - PEL | U382: Ampere generation low | V382: Onsite Inspection | W382: Under Investigation | Z382: 46216 | AD382: =IF(AND(F382="Closed",X382>=DATE(2026,7,1),X382<=DATE(2026,7,31)),"Closed In July","Other") -> Other
A383: 46216 | B383: 2026 | C383: Solar Square | D383: OEM | F383: WIP | G383: Chirag Tare | H383: 9703345015 | I383: PE13072601 | J383: Low VOC | K383: Hyderabad | L383: Telangana | N383: Low VOC | O383: 335 | P383: NSM230526353 | Q383: =MID(P383,4,2) -> 23 | R383: =MID(P383,6,2) -> 05 | S383: G2B | T383: P1 - PEL | V383: Onsite Inspection | W383: Under Investigation | Z383: 46216 | AD383: =IF(AND(F383="Closed",X383>=DATE(2026,7,1),X383<=DATE(2026,7,31)),"Closed In July","Other") -> Other
A384: 46216 | B384: 2026 | C384: Solar Square | D384: OEM | F384: WIP | G384: Chirag Tare | H384: 9703345015 | I384: PE13072601 | J384: Low VOC | K384: Hyderabad | L384: Telangana | N384: Low VOC | O384: 335 | P384: NSM230526040 | Q384: =MID(P384,4,2) -> 23 | R384: =MID(P384,6,2) -> 05 | S384: G2B | T384: P1 - PEL | V384: Onsite Inspection | W384: Under Investigation | Z384: 46216 | AD384: =IF(AND(F384="Closed",X384>=DATE(2026,7,1),X384<=DATE(2026,7,31)),"Closed In July","Other") -> Other
A385: 46216 | B385: 2026 | C385: Solar Square | D385: OEM | F385: WIP | G385: Chirag Tare | H385: 9703345015 | I385: PE13072601 | J385: Low VOC | K385: Hyderabad | L385: Telangana | N385: Low VOC | O385: 335 | P385: NSM230526758 | Q385: =MID(P385,4,2) -> 23 | R385: =MID(P385,6,2) -> 05 | S385: G2B | T385: P1 - PEL | V385: Onsite Inspection | W385: Under Investigation | Z385: 46216 | AD385: =IF(AND(F385="Closed",X385>=DATE(2026,7,1),X385<=DATE(2026,7,31)),"Closed In July","Other") -> Other
A386: 46216 | B386: 2026 | C386: Solar Square | D386: OEM | F386: WIP | G386: Chirag Tare | H386: 9703345015 | I386: PE13072601 | J386: Low VOC | K386: Hyderabad | L386: Telangana | N386: Low VOC | O386: 335 | P386: NSM230526396 | Q386: =MID(P386,4,2) -> 23 | R386: =MID(P386,6,2) -> 05 | S386: G2B | T386: P1 - PEL | V386: Onsite Inspection | W386: Under Investigation | Z386: 46216 | AD386: =IF(AND(F386="Closed",X386>=DATE(2026,7,1),X386<=DATE(2026,7,31)),"Closed In July","Other") -> Other
A387: 46216 | B387: 2026 | C387: Solar Square | D387: OEM | F387: WIP | G387: Chirag Tare | H387: 9703345015 | I387: PE13072601 | J387: Low VOC | K387: Hyderabad | L387: Telangana | N387: Low VOC | O387: 335 | P387: NSM230526039 | Q387: =MID(P387,4,2) -> 23 | R387: =MID(P387,6,2) -> 05 | S387: G2B | T387: P1 - PEL | V387: Onsite Inspection | W387: Under Investigation | Z387: 46216 | AD387: =IF(AND(F387="Closed",X387>=DATE(2026,7,1),X387<=DATE(2026,7,31)),"Closed In July","Other") -> Other
A388: 46134 | B388: 2026 | C388: First Energy | D388: Utility and C&I | F388: Closed | G388: Saravanakumar | H388: 8248438488 | I388: PE22042601 | J388: Anomalies/defects in the modules | K388: Tirunelveli | L388: Tamil Nadu | M388: Module Broken | N388: Glass Breakage | O388: 550 | P388: NSMP2305158298 | Q388: =MID(P388,5,2) -> 23 | R388: =MID(P388,7,2) -> 05 | S388: G2B | T388: P2 - PEPPL | U388: Glass Breakage due to external hit by something | V388: Onsite Inspection | W388: Rejected | X388: 46216 | Y388: =X388-A388 -> 82 | Z388: 46216 | AD388: =IF(AND(F388="Closed",X388>=DATE(2026,7,1),X388<=DATE(2026,7,31)),"Closed In July","Other") -> Closed In July
A389: 46134 | B389: 2026 | C389: First Energy | D389: Utility and C&I | F389: Closed | G389: Saravanakumar | H389: 8248438488 | I389: PE22042601 | J389: Anomalies/defects in the modules | K389: Tirunelveli | L389: Tamil Nadu | M389: PS | N389: Cold Soldering | O389: 550 | P389: NSMP2305159884 | Q389: =MID(P389,5,2) -> 23 | R389: =MID(P389,7,2) -> 05 | S389: G2B | T389: P2 - PEPPL | U389: P JB Cold Soldering | V389: Soldering | W389: Repair | X389: 46218 | Y389: =X389-A389 -> 84 | Z389: 46218 | AD389: =IF(AND(F389="Closed",X389>=DATE(2026,7,1),X389<=DATE(2026,7,31)),"Closed In July","Other") -> Closed In July
A390: 46134 | B390: 2026 | C390: First Energy | D390: Utility and C&I | F390: Closed | G390: Saravanakumar | H390: 8248438488 | I390: PE22042601 | J390: Anomalies/defects in the modules | K390: Tirunelveli | L390: Tamil Nadu | M390: NS | N390: Cold Soldering | O390: 550 | P390: NSMP2305139742 | Q390: =MID(P390,5,2) -> 23 | R390: =MID(P390,7,2) -> 05 | S390: G2B | T390: P2 - PEPPL | U390: N JB Cold Soldering | V390: Soldering | W390: Repair | X390: 46218 | Y390: =X390-A390 -> 84 | Z390: 46218 | AD390: =IF(AND(F390="Closed",X390>=DATE(2026,7,1),X390<=DATE(2026,7,31)),"Closed In July","Other") -> Closed In July
A391: 46134 | B391: 2026 | C391: First Energy | D391: Utility and C&I | F391: Closed | G391: Saravanakumar | H391: 8248438488 | I391: PE22042601 | J391: Anomalies/defects in the modules | K391: Tirunelveli | L391: Tamil Nadu | M391: PS | N391: Cold Soldering | O391: 550 | P391: NSMP2305156863 | Q391: =MID(P391,5,2) -> 23 | R391: =MID(P391,7,2) -> 05 | S391: G2B | T391: P2 - PEPPL | U391: P JB Cold Soldering | V391: Soldering | W391: Repair | X391: 46218 | Y391: =X391-A391 -> 84 | Z391: 46218 | AD391: =IF(AND(F391="Closed",X391>=DATE(2026,7,1),X391<=DATE(2026,7,31)),"Closed In July","Other") -> Closed In July
A392: 46134 | B392: 2026 | C392: First Energy | D392: Utility and C&I | F392: Closed | G392: Saravanakumar | H392: 8248438488 | I392: PE22042601 | J392: Anomalies/defects in the modules | K392: Tirunelveli | L392: Tamil Nadu | M392: PS | N392: Cold Soldering | O392: 550 | P392: NSMP2305160561 | Q392: =MID(P392,5,2) -> 23 | R392: =MID(P392,7,2) -> 05 | S392: G2B | T392: P2 - PEPPL | U392: P JB Cold Soldering | V392: Soldering | W392: Repair | X392: 46218 | Y392: =X392-A392 -> 84 | Z392: 46218 | AD392: =IF(AND(F392="Closed",X392>=DATE(2026,7,1),X392<=DATE(2026,7,31)),"Closed In July","Other") -> Closed In July
A393: 46134 | B393: 2026 | C393: First Energy | D393: Utility and C&I | F393: Closed | G393: Saravanakumar | H393: 8248438488 | I393: PE22042601 | J393: Anomalies/defects in the modules | K393: Tirunelveli | L393: Tamil Nadu | M393: PS | N393: Cold Soldering | O393: 550 | P393: NSMP2306213722 | Q393: =MID(P393,5,2) -> 23 | R393: =MID(P393,7,2) -> 06 | S393: G2B | T393: P2 - PEPPL | U393: P JB Cold Soldering | V393: Soldering | W393: Repair | X393: 46218 | Y393: =X393-A393 -> 84 | Z393: 46218 | AD393: =IF(AND(F393="Closed",X393>=DATE(2026,7,1),X393<=DATE(2026,7,31)),"Closed In July","Other") -> Closed In July
A394: 46134 | B394: 2026 | C394: First Energy | D394: Utility and C&I | F394: Closed | G394: Saravanakumar | H394: 8248438488 | I394: PE22042601 | J394: Anomalies/defects in the modules | K394: Tirunelveli | L394: Tamil Nadu | M394: PS | N394: Cold Soldering | O394: 550 | P394: NSMP2305145101 | Q394: =MID(P394,5,2) -> 23 | R394: =MID(P394,7,2) -> 05 | S394: G2B | T394: P2 - PEPPL | U394: P JB Cold Soldering | V394: Soldering | W394: Repair | X394: 46218 | Y394: =X394-A394 -> 84 | Z394: 46218 | AD394: =IF(AND(F394="Closed",X394>=DATE(2026,7,1),X394<=DATE(2026,7,31)),"Closed In July","Other") -> Closed In July
A395: 46134 | B395: 2026 | C395: First Energy | D395: Utility and C&I | F395: Closed | G395: Saravanakumar | H395: 8248438488 | I395: PE22042601 | J395: Anomalies/defects in the modules | K395: Tirunelveli | L395: Tamil Nadu | M395: PS | N395: Cold Soldering | O395: 550 | P395: NSMP2305145071 | Q395: =MID(P395,5,2) -> 23 | R395: =MID(P395,7,2) -> 05 | S395: G2B | T395: P2 - PEPPL | U395: P JB Cold Soldering | V395: Soldering | W395: Repair | X395: 46218 | Y395: =X395-A395 -> 84 | Z395: 46218 | AD395: =IF(AND(F395="Closed",X395>=DATE(2026,7,1),X395<=DATE(2026,7,31)),"Closed In July","Other") -> Closed In July
A396: 46134 | B396: 2026 | C396: First Energy | D396: Utility and C&I | F396: Closed | G396: Saravanakumar | H396: 8248438488 | I396: PE22042601 | J396: Anomalies/defects in the modules | K396: Tirunelveli | L396: Tamil Nadu | M396: PS | N396: Cold Soldering | O396: 550 | P396: NSMP2305159868 | Q396: =MID(P396,5,2) -> 23 | R396: =MID(P396,7,2) -> 05 | S396: G2B | T396: P2 - PEPPL | U396: P JB Cold Soldering | V396: Soldering | W396: Repair | X396: 46218 | Y396: =X396-A396 -> 84 | Z396: 46218 | AD396: =IF(AND(F396="Closed",X396>=DATE(2026,7,1),X396<=DATE(2026,7,31)),"Closed In July","Other") -> Closed In July
A397: 46134 | B397: 2026 | C397: First Energy | D397: Utility and C&I | F397: Closed | G397: Saravanakumar | H397: 8248438488 | I397: PE22042601 | J397: Anomalies/defects in the modules | K397: Tirunelveli | L397: Tamil Nadu | M397: PR | N397: JB Issue | O397: 550 | P397: NSMP2305186498 | Q397: =MID(P397,5,2) -> 23 | R397: =MID(P397,7,2) -> 05 | S397: G2B | T397: P2 - PEPPL | U397: JB CABLE DAMAGE | V397: JB Changed | W397: Repair | X397: 46218 | Y397: =X397-A397 -> 84 | Z397: 46218 | AD397: =IF(AND(F397="Closed",X397>=DATE(2026,7,1),X397<=DATE(2026,7,31)),"Closed In July","Other") -> Closed In July
A398: 46134 | B398: 2026 | C398: First Energy | D398: Utility and C&I | F398: Closed | G398: Saravanakumar | H398: 8248438488 | I398: PE22042601 | J398: Anomalies/defects in the modules | K398: Tirunelveli | L398: Tamil Nadu | M398: PS | N398: Cold Soldering | O398: 550 | P398: NSMP2306213012 | Q398: =MID(P398,5,2) -> 23 | R398: =MID(P398,7,2) -> 06 | S398: G2B | T398: P2 - PEPPL | U398: P JB Cold Soldering | V398: Soldering | W398: Repair | X398: 46218 | Y398: =X398-A398 -> 84 | Z398: 46218 | AD398: =IF(AND(F398="Closed",X398>=DATE(2026,7,1),X398<=DATE(2026,7,31)),"Closed In July","Other") -> Closed In July
A399: 46134 | B399: 2026 | C399: First Energy | D399: Utility and C&I | F399: Closed | G399: Saravanakumar | H399: 8248438488 | I399: PE22042601 | J399: Anomalies/defects in the modules | K399: Tirunelveli | L399: Tamil Nadu | M399: PS | N399: Cold Soldering | O399: 550 | P399: NSMP2305187355 | Q399: =MID(P399,5,2) -> 23 | R399: =MID(P399,7,2) -> 05 | S399: G2B | T399: P2 - PEPPL | U399: P JB Cold Soldering | V399: Soldering | W399: Repair | X399: 46218 | Y399: =X399-A399 -> 84 | Z399: 46218 | AD399: =IF(AND(F399="Closed",X399>=DATE(2026,7,1),X399<=DATE(2026,7,31)),"Closed In July","Other") -> Closed In July
... A418: 46134 | B418: 2026 | C418: First Energy | D418: Utility and C&I | F418: Closed | G418: Saravanakumar | H418: 8248438488 | I418: PE22042601 | J418: Anomalies/defects in the modules | K418: Tirunelveli | L418: Tamil Nadu | M418: PS | N418: Cold Soldering | O418: 550 | P418: NSMP2305161427 | Q418: =MID(P418,5,2) -> 23 | R418: =MID(P418,7,2) -> 05 | S418: G2B | T418: P2 - PEPPL | U418: P JB Cold Soldering | V418: Soldering | W418: Repair | X418: 46218 | Y418: =X418-A418 -> 84 | Z418: 46218 | AD418: =IF(AND(F418="Closed",X418>=DATE(2026,7,1),X418<=DATE(2026,7,31)),"Closed In July","Other") -> Closed In July
A419: 46219 | B419: 2026 | C419: Vashi | D419: Channel Sales | F419: Closed | G419: Nachiket Buchade | H419: 8828840014 | I419: PE16072601 | J419: Busbar misalignment & Cell Gap | K419: Kolhapur | L419: Maharashtra | M419: No Visit | N419: Aesthetic | O419: 590 | P419: NSME26060161002 | Q419: =MID(P419,5,2) -> 26 | R419: =MID(P419,7,2) -> 06 | S419: G2G | T419: P5 - PEGPL | U419: Aesthetic in nature | V419: Virtually Rejected | W419: Rejected | X419: 46219 | Y419: =X419-A419 -> 0 | Z419: By Mail | AD419: =IF(AND(F419="Closed",X419>=DATE(2026,7,1),X419<=DATE(2026,7,31)),"Closed In July","Other") -> Closed In July
A420: 46219 | B420: 2026 | C420: Vashi | D420: Channel Sales | F420: Closed | G420: Nachiket Buchade | H420: 8828840014 | I420: PE16072601 | J420: Busbar misalignment & Cell Gap | K420: Kolhapur | L420: Maharashtra | M420: No Visit | N420: Aesthetic | O420: 590 | P420: NSME26060161021 | Q420: =MID(P420,5,2) -> 26 | R420: =MID(P420,7,2) -> 06 | S420: G2G | T420: P5 - PEGPL | U420: Aesthetic in nature | V420: Virtually Rejected | W420: Rejected | X420: 46219 | Y420: =X420-A420 -> 0 | Z420: By Mail | AD420: =IF(AND(F420="Closed",X420>=DATE(2026,7,1),X420<=DATE(2026,7,31)),"Closed In July","Other") -> Closed In July
A421: 46219 | B421: 2026 | C421: Vashi | D421: Channel Sales | F421: Closed | G421: Nachiket Buchade | H421: 8828840014 | I421: PE16072601 | J421: Busbar misalignment & Cell Gap | K421: Kolhapur | L421: Maharashtra | M421: No Visit | N421: Aesthetic | O421: 590 | P421: NSME26060161017 | Q421: =MID(P421,5,2) -> 26 | R421: =MID(P421,7,2) -> 06 | S421: G2G | T421: P5 - PEGPL | U421: Aesthetic in nature | V421: Virtually Rejected | W421: Rejected | X421: 46219 | Y421: =X421-A421 -> 0 | Z421: By Mail | AD421: =IF(AND(F421="Closed",X421>=DATE(2026,7,1),X421<=DATE(2026,7,31)),"Closed In July","Other") -> Closed In July
A422: 46219 | B422: 2026 | C422: Vashi | D422: Channel Sales | F422: Closed | G422: Nachiket Buchade | H422: 8828840014 | I422: PE16072601 | J422: Busbar misalignment & Cell Gap | K422: Kolhapur | L422: Maharashtra | M422: No Visit | N422: Aesthetic | O422: 590 | P422: NSME26060161011 | Q422: =MID(P422,5,2) -> 26 | R422: =MID(P422,7,2) -> 06 | S422: G2G | T422: P5 - PEGPL | U422: Aesthetic in nature | V422: Virtually Rejected | W422: Rejected | X422: 46219 | Y422: =X422-A422 -> 0 | Z422: By Mail | AD422: =IF(AND(F422="Closed",X422>=DATE(2026,7,1),X422<=DATE(2026,7,31)),"Closed In July","Other") -> Closed In July
...
