Workbook

Sheet Dashboard
U1: CHART DATA (linked)
B2: FIELD SERVICE DASHBOARD
B3: Dec 2025 • Solar Module Complaints & Defect Analysis | U3: Site | V3: Modules | W3: Plant | X3: Modules
U4: Blupine | V4: 1845 | W4: P1 | X4: 1
B5: Total Complaints | E5: Closed Modules | H5: WIP / Open | K5: Closure Rate | N5: Avg Resolution | U5: First Energy | V5: 834 | W5: P2 | X5: 1604
B6: ='MSI Report'!B6 -> 416 | E6: ='MSI Report'!C6 -> 416 | H6: ='MSI Report'!D6 -> 0 | K6: ='MSI Report'!F6 -> 1 | N6: ='MSI Report'!G6 -> 22.2 | U6: Continuum | V6: 596 | W6: P4 | X6: 1351
U7: Ayana | V7: 367
B8: Daily Complaints Trend - December 2025 | U8: NTPC Limited | V8: 197
U9: Asian Fab Tec Ltd | V9: 59
U10: Madhav Infra Projects Ltd. | V10: 37
U11: WBSEDCL | V11: 32
U12: State | V12: Modules | W12: Defect Type | X12: G2B | Y12: G2TB | Z12: G2G
U13: Gujarat | V13: 1688 | W13: Cold Soldering | X13: 2182 | Y13: 250 | Z13: 82
U14: Karnataka | V14: 688 | W14: JB Issue | X14: 215 | Y14: 67 | Z14: 31
U15: MP | V15: 502 | W15: No Issue | X15: 110 | Y15: 11 | Z15: 12
U16: J&K | V16: 192 | W16: Tab lead Burn | X16: 18 | Y16: 17 | Z16: 0
U17: West Bengal | V17: 32 | W17: Low Generation | X17: 4 | Y17: 1 | Z17: 3
U18: Kerala | V18: 21 | W18: Glass Breakage | X18: 1 | Y18: 0 | Z18: 0
U19: Maharashtra | V19: 6
U20: Bihar | V20: 1
U22: Defect Type | V22: Count
B23: Complaints by Site | H23: Complaints by State | N23: Defect Type Mix | U23: Cold Soldering | V23: 2514
U24: JB Issue | V24: 313
U25: Tab lead Burn | V25: 35
U26: Glass Breakage | V26: 1
U27: Others | V27: 145
U29: TAT Range | V29: Modules
U37: Week | V37: Modules
U38: W1 (01-07 Dec) | V38: =SUMIFS('MSI Report'!B40:B70,'MSI Report'!A40:A70,">="&DATE(2025,12,1),'MSI Report'!A40:A70,"<="&DATE(2025,12,7)) -> 97
U39: W2 (08-14 Dec) | V39: =SUMIFS('MSI Report'!B40:B70,'MSI Report'!A40:A70,">="&DATE(2025,12,8),'MSI Report'!A40:A70,"<="&DATE(2025,12,14)) -> 117
B40: Resolution Time (TAT) Distribution | H40: Weekly Complaint Volume | U40: W3 (15-21 Dec) | V40: =SUMIFS('MSI Report'!B40:B70,'MSI Report'!A40:A70,">="&DATE(2025,12,15),'MSI Report'!A40:A70,"<="&DATE(2025,12,21)) -> 149
U41: W4 (22-28 Dec) | V41: =SUMIFS('MSI Report'!B40:B70,'MSI Report'!A40:A70,">="&DATE(2025,12,22),'MSI Report'!A40:A70,"<="&DATE(2025,12,28)) -> 30
U42: W5 (29-31 Dec) | V42: =SUMIFS('MSI Report'!B40:B70,'MSI Report'!A40:A70,">="&DATE(2025,12,29),'MSI Report'!A40:A70,"<="&DATE(2025,12,31)) -> 23
B58: MANUFACTURING PLANT-WISE | K58: MODULE TYPE DEFECT ANALYSIS - JAN 2026

Sheet MSI Report
A1: Monthly MIS Report - Solar PV Warranty Claims
B4: KEY PERFORMANCE INDICATORS
B5: Total Complaints | C5: Closed | D5: WIP / Open | E5: Repairable Defects | F5: Closure Rate | G5: Avg Resolution Day
B6: =B10 -> 416 | C6: =B11 -> 416 | D6: =B12 -> 0 | E6: =COUNTIFS('Monthly Report Dec-25'!V:V,"Repair",'Monthly Report Dec-25'!W:W,">="&DATE(2025,12,1),'Monthly Report Dec-25'!W:W,"<="&DATE(2025,12,31)) -> 293 | F6: =D10 -> 1 | G6: =ROUND(AVERAGEIF('Monthly Report Dec-25'!X:X,">=0"),1) -> 22.2
A8: 1. COMPLAINT STATUS SUMMARY
A9: Metric | B9: Value | C9: Metric | D9: Value
A10: Total Complaints (Dec) | B10: =SUM(B11,B12) -> 416 | C10: Closure Rate | D10: =B11/B10 -> 1
A11: Closed Modules | B11: =COUNTIFS('Monthly Report Dec-25'!F:F,"Closed",'Monthly Report Dec-25'!W:W,">="&DATE(2025,12,1),'Monthly Report Dec-25'!W:W,"<="&DATE(2025,12,31)) -> 416 | C11: WIP Rate | D11: =B12/B10 -> 0
A12: WIP Modules | B12: =COUNTIFS('Monthly Report Dec-25'!F:F,"WIP",'Monthly Report Dec-25'!A:A,">="&DATE(2025,12,1),'Monthly Report Dec-25'!A:A,"<="&DATE(2025,12,31)) -> 0
A13: State covered | B13: =COUNTA(_xlfn.UNIQUE('Monthly Report Dec-25'!L2:L417)) -> 8
A16: By Customer | H16: By State
A17: COMPLAINTS BY SITE | H17: COMPLAINTS BY STATE
A18: Site | B18: Modules | C18: Closed | D18: WIP | H18: State | I18: Modules | J18: % Share | O18: =COUNTIFS(#REF!,H19,#REF!,"Closed",#REF!,">="&DATE(2026,4,1),#REF!,"<="&DATE(2026,4,30)) -> #REF!
A19: Madhav Infra Projects Ltd. | B19: =COUNTIF('Monthly Report Dec-25'!$C$2:$C$417,A19) -> 98 | C19: =COUNTIFS('Monthly Report Dec-25'!$C:$C,A19,'Monthly Report Dec-25'!$F:$F,"Closed",'Monthly Report Dec-25'!$W:$W,">="&DATE(2025,12,1),'Monthly Report Dec-25'!$W:$W,"<="&DATE(2025,12,31)) -> 98 | D19: =COUNTIFS('Monthly Report Dec-25'!$C:$C,B19,'Monthly Report Dec-25'!$F:$F,"WIP",'Monthly Report Dec-25'!$W:$W,">="&DATE(2025,12,1),'Monthly Report Dec-25'!$W:$W,"<="&DATE(2025,12,31)) -> 0 | H19: Gujarat | I19: =COUNTIFS('Monthly Report Dec-25'!$L:$L,H19,'Monthly Report Dec-25'!$F:$F,"Closed",'Monthly Report Dec-25'!$W:$W,">="&DATE(2025,12,1),'Monthly Report Dec-25'!$W:$W,"<="&DATE(2025,12,31)) -> 133 | J19: =I19/$I$27 -> 0.31971154
A20: TRUE SUN TRADING COMPANY | B20: =COUNTIF('Monthly Report Dec-25'!$C$2:$C$417,A20) -> 2 | C20: =COUNTIFS('Monthly Report Dec-25'!$C:$C,A20,'Monthly Report Dec-25'!$F:$F,"Closed",'Monthly Report Dec-25'!$W:$W,">="&DATE(2025,12,1),'Monthly Report Dec-25'!$W:$W,"<="&DATE(2025,12,31)) -> 2 | D20: =COUNTIFS('Monthly Report Dec-25'!$C:$C,B20,'Monthly Report Dec-25'!$F:$F,"WIP",'Monthly Report Dec-25'!$W:$W,">="&DATE(2025,12,1),'Monthly Report Dec-25'!$W:$W,"<="&DATE(2025,12,31)) -> 0 | H20: Maharashtra | I20: =COUNTIFS('Monthly Report Dec-25'!$L:$L,H20,'Monthly Report Dec-25'!$F:$F,"Closed",'Monthly Report Dec-25'!$W:$W,">="&DATE(2025,12,1),'Monthly Report Dec-25'!$W:$W,"<="&DATE(2025,12,31)) -> 4 | J20: =I20/$I$27 -> 0.0096153846
A21: Panasonic | B21: =COUNTIF('Monthly Report Dec-25'!$C$2:$C$417,A21) -> 5 | C21: =COUNTIFS('Monthly Report Dec-25'!$C:$C,A21,'Monthly Report Dec-25'!$F:$F,"Closed",'Monthly Report Dec-25'!$W:$W,">="&DATE(2025,12,1),'Monthly Report Dec-25'!$W:$W,"<="&DATE(2025,12,31)) -> 5 | D21: =COUNTIFS('Monthly Report Dec-25'!$C:$C,B21,'Monthly Report Dec-25'!$F:$F,"WIP",'Monthly Report Dec-25'!$W:$W,">="&DATE(2025,12,1),'Monthly Report Dec-25'!$W:$W,"<="&DATE(2025,12,31)) -> 0 | H21: Kerala | I21: =COUNTIFS('Monthly Report Dec-25'!$L:$L,H21,'Monthly Report Dec-25'!$F:$F,"Closed",'Monthly Report Dec-25'!$W:$W,">="&DATE(2025,12,1),'Monthly Report Dec-25'!$W:$W,"<="&DATE(2025,12,31)) -> 22 | J21: =I21/$I$27 -> 0.052884615
A22: Continuum | B22: =COUNTIF('Monthly Report Dec-25'!$C$2:$C$417,A22) -> 34 | C22: =COUNTIFS('Monthly Report Dec-25'!$C:$C,A22,'Monthly Report Dec-25'!$F:$F,"Closed",'Monthly Report Dec-25'!$W:$W,">="&DATE(2025,12,1),'Monthly Report Dec-25'!$W:$W,"<="&DATE(2025,12,31)) -> 34 | D22: =COUNTIFS('Monthly Report Dec-25'!$C:$C,B22,'Monthly Report Dec-25'!$F:$F,"WIP",'Monthly Report Dec-25'!$W:$W,">="&DATE(2025,12,1),'Monthly Report Dec-25'!$W:$W,"<="&DATE(2025,12,31)) -> 0 | H22: Telangana | I22: =COUNTIFS('Monthly Report Dec-25'!$L:$L,H22,'Monthly Report Dec-25'!$F:$F,"Closed",'Monthly Report Dec-25'!$W:$W,">="&DATE(2025,12,1),'Monthly Report Dec-25'!$W:$W,"<="&DATE(2025,12,31)) -> 1 | J22: =I22/$I$27 -> 0.0024038462
A23: KVK ENGINEERING | B23: =COUNTIF('Monthly Report Dec-25'!$C$2:$C$417,A23) -> 1 | C23: =COUNTIFS('Monthly Report Dec-25'!$C:$C,A23,'Monthly Report Dec-25'!$F:$F,"Closed",'Monthly Report Dec-25'!$W:$W,">="&DATE(2025,12,1),'Monthly Report Dec-25'!$W:$W,"<="&DATE(2025,12,31)) -> 1 | D23: =COUNTIFS('Monthly Report Dec-25'!$C:$C,B23,'Monthly Report Dec-25'!$F:$F,"WIP",'Monthly Report Dec-25'!$W:$W,">="&DATE(2025,12,1),'Monthly Report Dec-25'!$W:$W,"<="&DATE(2025,12,31)) -> 0 | H23: Chhattisgarh | I23: =COUNTIFS('Monthly Report Dec-25'!$L:$L,H23,'Monthly Report Dec-25'!$F:$F,"Closed",'Monthly Report Dec-25'!$W:$W,">="&DATE(2025,12,1),'Monthly Report Dec-25'!$W:$W,"<="&DATE(2025,12,31)) -> 58 | J23: =I23/$I$27 -> 0.13942308
A24: Blupine Jakson Green | B24: =COUNTIF('Monthly Report Dec-25'!$C$2:$C$417,A24) -> 58 | C24: =COUNTIFS('Monthly Report Dec-25'!$C:$C,A24,'Monthly Report Dec-25'!$F:$F,"Closed",'Monthly Report Dec-25'!$W:$W,">="&DATE(2025,12,1),'Monthly Report Dec-25'!$W:$W,"<="&DATE(2025,12,31)) -> 58 | D24: =COUNTIFS('Monthly Report Dec-25'!$C:$C,B24,'Monthly Report Dec-25'!$F:$F,"WIP",'Monthly Report Dec-25'!$W:$W,">="&DATE(2025,12,1),'Monthly Report Dec-25'!$W:$W,"<="&DATE(2025,12,31)) -> 0 | H24: Uttar Pradesh | I24: =COUNTIFS('Monthly Report Dec-25'!$L:$L,H24,'Monthly Report Dec-25'!$F:$F,"Closed",'Monthly Report Dec-25'!$W:$W,">="&DATE(2025,12,1),'Monthly Report Dec-25'!$W:$W,"<="&DATE(2025,12,31)) -> 15 | J24: =I24/$I$27 -> 0.036057692
A25: Arsiga Solar | B25: =COUNTIF('Monthly Report Dec-25'!$C$2:$C$417,A25) -> 9 | C25: =COUNTIFS('Monthly Report Dec-25'!$C:$C,A25,'Monthly Report Dec-25'!$F:$F,"Closed",'Monthly Report Dec-25'!$W:$W,">="&DATE(2025,12,1),'Monthly Report Dec-25'!$W:$W,"<="&DATE(2025,12,31)) -> 9 | D25: =COUNTIFS('Monthly Report Dec-25'!$C:$C,B25,'Monthly Report Dec-25'!$F:$F,"WIP",'Monthly Report Dec-25'!$W:$W,">="&DATE(2025,12,1),'Monthly Report Dec-25'!$W:$W,"<="&DATE(2025,12,31)) -> 0 | H25: Rajasthan | I25: =COUNTIFS('Monthly Report Dec-25'!$L:$L,H25,'Monthly Report Dec-25'!$F:$F,"Closed",'Monthly Report Dec-25'!$W:$W,">="&DATE(2025,12,1),'Monthly Report Dec-25'!$W:$W,"<="&DATE(2025,12,31)) -> 182 | J25: =I25/$I$27 -> 0.4375
A26: Solar Square | B26: =COUNTIF('Monthly Report Dec-25'!$C$2:$C$417,A26) -> 6 | C26: =COUNTIFS('Monthly Report Dec-25'!$C:$C,A26,'Monthly Report Dec-25'!$F:$F,"Closed",'Monthly Report Dec-25'!$W:$W,">="&DATE(2025,12,1),'Monthly Report Dec-25'!$W:$W,"<="&DATE(2025,12,31)) -> 6 | D26: =COUNTIFS('Monthly Report Dec-25'!$C:$C,B26,'Monthly Report Dec-25'!$F:$F,"WIP",'Monthly Report Dec-25'!$W:$W,">="&DATE(2025,12,1),'Monthly Report Dec-25'!$W:$W,"<="&DATE(2025,12,31)) -> 0 | H26: Karnataka | I26: =COUNTIFS('Monthly Report Dec-25'!$L:$L,H26,'Monthly Report Dec-25'!$F:$F,"Closed",'Monthly Report Dec-25'!$W:$W,">="&DATE(2025,12,1),'Monthly Report Dec-25'!$W:$W,"<="&DATE(2025,12,31)) -> 1 | J26: =I26/$I$27 -> 0.0024038462
A27: Shakti Pump | B27: =COUNTIF('Monthly Report Dec-25'!$C$2:$C$417,A27) -> 1 | C27: =COUNTIFS('Monthly Report Dec-25'!$C:$C,A27,'Monthly Report Dec-25'!$F:$F,"Closed",'Monthly Report Dec-25'!$W:$W,">="&DATE(2025,12,1),'Monthly Report Dec-25'!$W:$W,"<="&DATE(2025,12,31)) -> 1 | D27: =COUNTIFS('Monthly Report Dec-25'!$C:$C,B27,'Monthly Report Dec-25'!$F:$F,"WIP",'Monthly Report Dec-25'!$W:$W,">="&DATE(2025,12,1),'Monthly Report Dec-25'!$W:$W,"<="&DATE(2025,12,31)) -> 0 | H27: TOTAL | I27: =SUM(I19:I26) -> 416 | J27: =SUM(J19:J26) -> 1
A28: Blupine Energy | B28: =COUNTIF('Monthly Report Dec-25'!$C$2:$C$417,A28) -> 181 | C28: =COUNTIFS('Monthly Report Dec-25'!$C:$C,A28,'Monthly Report Dec-25'!$F:$F,"Closed",'Monthly Report Dec-25'!$W:$W,">="&DATE(2025,12,1),'Monthly Report Dec-25'!$W:$W,"<="&DATE(2025,12,31)) -> 181 | D28: =COUNTIFS('Monthly Report Dec-25'!$C:$C,B28,'Monthly Report Dec-25'!$F:$F,"WIP",'Monthly Report Dec-25'!$W:$W,">="&DATE(2025,12,1),'Monthly Report Dec-25'!$W:$W,"<="&DATE(2025,12,31)) -> 0
A29: Orb Energy | B29: =COUNTIF('Monthly Report Dec-25'!$C$2:$C$417,A29) -> 1 | C29: =COUNTIFS('Monthly Report Dec-25'!$C:$C,A29,'Monthly Report Dec-25'!$F:$F,"Closed",'Monthly Report Dec-25'!$W:$W,">="&DATE(2025,12,1),'Monthly Report Dec-25'!$W:$W,"<="&DATE(2025,12,31)) -> 1 | D29: =COUNTIFS('Monthly Report Dec-25'!$C:$C,B29,'Monthly Report Dec-25'!$F:$F,"WIP",'Monthly Report Dec-25'!$W:$W,">="&DATE(2025,12,1),'Monthly Report Dec-25'!$W:$W,"<="&DATE(2025,12,31)) -> 0
A30: Axitec Energy | B30: =COUNTIF('Monthly Report Dec-25'!$C$2:$C$417,A30) -> 20 | C30: =COUNTIFS('Monthly Report Dec-25'!$C:$C,A30,'Monthly Report Dec-25'!$F:$F,"Closed",'Monthly Report Dec-25'!$W:$W,">="&DATE(2025,12,1),'Monthly Report Dec-25'!$W:$W,"<="&DATE(2025,12,31)) -> 20 | D30: =COUNTIFS('Monthly Report Dec-25'!$C:$C,B30,'Monthly Report Dec-25'!$F:$F,"WIP",'Monthly Report Dec-25'!$W:$W,">="&DATE(2025,12,1),'Monthly Report Dec-25'!$W:$W,"<="&DATE(2025,12,31)) -> 0
A31: TOTAL | B31: =SUM(B19:B31) | C31: =SUM(C19:C31) | D31: =SUM(D19:D31)
H34: RESOLUTION TYPE
H35: Resolution | I35: Modules | J35: % Share
H36: Repair | I36: =COUNTIFS('Monthly Report Dec-25'!$V:$V,H36,'Monthly Report Dec-25'!$W:$W,">="&DATE(2025,12,1),'Monthly Report Dec-25'!$W:$W,"<="&DATE(2025,12,31)) -> 293 | J36: =I36/$I$41 -> 0.71463415
H37: Rejected | I37: =COUNTIFS('Monthly Report Dec-25'!$V:$V,H37,'Monthly Report Dec-25'!$W:$W,">="&DATE(2025,12,1),'Monthly Report Dec-25'!$W:$W,"<="&DATE(2025,12,31)) -> 116 | J37: =I37/$I$41 -> 0.28292683
A38: DAILY COMPLAINTS TREND - DEC 2025 | H38: Replacement | I38: =COUNTIFS('Monthly Report Dec-25'!$V:$V,H38,'Monthly Report Dec-25'!$W:$W,">="&DATE(2025,12,1),'Monthly Report Dec-25'!$W:$W,"<="&DATE(2025,12,31)) -> 1 | J38: =I38/$I$41 -> 0.0024390244
A39: Date | B39: Closed | C39: WIP | H39: Inspection | I39: =COUNTIFS('Monthly Report Dec-25'!$V:$V,H39,'Monthly Report Dec-25'!$W:$W,">="&DATE(2025,12,1),'Monthly Report Dec-25'!$W:$W,"<="&DATE(2025,12,31)) -> 0 | J39: =I39/$I$41 -> 0
A40: 45992 | B40: =COUNTIFS('Monthly Report Dec-25'!$W:W,A40,'Monthly Report Dec-25'!F:F,"Closed") -> 1 | C40: 0 | H40: CN | I40: =COUNTIFS('Monthly Report Dec-25'!$V:$V,H40,'Monthly Report Dec-25'!$W:$W,">="&DATE(2025,12,1),'Monthly Report Dec-25'!$W:$W,"<="&DATE(2025,12,31)) -> 0 | J40: =I40/$I$41 -> 0
A41: 45993 | B41: =COUNTIFS('Monthly Report Dec-25'!$W:W,A41,'Monthly Report Dec-25'!F:F,"Closed") -> 0 | C41: 0 | H41: TOTAL | I41: =SUM(I36:I40) -> 410 | J41: =SUM(J34:J40) -> 1
A42: 45994 | B42: =COUNTIFS('Monthly Report Dec-25'!$W:W,A42,'Monthly Report Dec-25'!F:F,"Closed") -> 0 | C42: 0
A43: 45995 | B43: =COUNTIFS('Monthly Report Dec-25'!$W:W,A43,'Monthly Report Dec-25'!F:F,"Closed") -> 0 | C43: 0
A44: 45996 | B44: =COUNTIFS('Monthly Report Dec-25'!$W:W,A44,'Monthly Report Dec-25'!F:F,"Closed") -> 0 | C44: 0 | H44: MANUFACTURING PLANT-WISE
A45: 45997 | B45: =COUNTIFS('Monthly Report Dec-25'!$W:W,A45,'Monthly Report Dec-25'!F:F,"Closed") -> 0 | C45: 0 | H45: Plant | I45: Modules | J45: % Share
A46: 45998 | B46: =COUNTIFS('Monthly Report Dec-25'!$W:W,A46,'Monthly Report Dec-25'!F:F,"Closed") -> 96 | C46: 0 | H46: P4 - PEIPL | I46: =COUNTIFS('Monthly Report Dec-25'!$S:$S,H46,'Monthly Report Dec-25'!$F:$F,"Closed",'Monthly Report Dec-25'!$W:$W,">="&DATE(2025,12,1),'Monthly Report Dec-25'!$W:$W,"<="&DATE(2025,12,31)) -> 92 | J46: =I46/$I$50 -> 0.22276029
A47: 45999 | B47: =COUNTIFS('Monthly Report Dec-25'!$W:W,A47,'Monthly Report Dec-25'!F:F,"Closed") -> 17 | C47: 0 | H47: P2 - PEPPL | I47: =COUNTIFS('Monthly Report Dec-25'!$S:$S,H47,'Monthly Report Dec-25'!$F:$F,"Closed",'Monthly Report Dec-25'!$W:$W,">="&DATE(2025,12,1),'Monthly Report Dec-25'!$W:$W,"<="&DATE(2025,12,31)) -> 137 | J47: =I47/$I$50 -> 0.33171913
A48: 46000 | B48: =COUNTIFS('Monthly Report Dec-25'!$W:W,A48,'Monthly Report Dec-25'!F:F,"Closed") -> 0 | C48: 0 | H48: P5 - PEGPL | I48: =COUNTIFS('Monthly Report Dec-25'!$S:$S,H48,'Monthly Report Dec-25'!$F:$F,"Closed",'Monthly Report Dec-25'!$W:$W,">="&DATE(2025,12,1),'Monthly Report Dec-25'!$W:$W,"<="&DATE(2025,12,31)) -> 184 | J48: =I48/$I$50 -> 0.44552058
A49: 46001 | B49: =COUNTIFS('Monthly Report Dec-25'!$W:W,A49,'Monthly Report Dec-25'!F:F,"Closed") -> 39 | C49: 0 | H49: Prime Pack | I49: =COUNTIFS('Monthly Report Dec-25'!$S:$S,H49,'Monthly Report Dec-25'!$F:$F,"Closed",'Monthly Report Dec-25'!$W:$W,">="&DATE(2025,12,1),'Monthly Report Dec-25'!$W:$W,"<="&DATE(2025,12,31)) -> 0 | J49: =I49/$I$50 -> 0
A50: 46002 | B50: =COUNTIFS('Monthly Report Dec-25'!$W:W,A50,'Monthly Report Dec-25'!F:F,"Closed") -> 18 | C50: 0 | H50: TOTAL | I50: =SUM(I46:I49) -> 413 | J50: =SUM(J46:J49) -> 1
A51: 46003 | B51: =COUNTIFS('Monthly Report Dec-25'!$W:W,A51,'Monthly Report Dec-25'!F:F,"Closed") -> 18 | C51: 0
A52: 46004 | B52: =COUNTIFS('Monthly Report Dec-25'!$W:W,A52,'Monthly Report Dec-25'!F:F,"Closed") -> 25 | C52: 0
A53: 46005 | B53: =COUNTIFS('Monthly Report Dec-25'!$W:W,A53,'Monthly Report Dec-25'!F:F,"Closed") -> 0 | C53: 0 | H53: TAT - COMPLAINT RAISED vs CLOSED
A54: 46006 | B54: =COUNTIFS('Monthly Report Dec-25'!$W:W,A54,'Monthly Report Dec-25'!F:F,"Closed") -> 25 | C54: 0 | H54: TAT Bucket (Days) | I54: Modules | J54: % Share
A55: 46007 | B55: =COUNTIFS('Monthly Report Dec-25'!$W:W,A55,'Monthly Report Dec-25'!F:F,"Closed") -> 24 | C55: 0 | H55: 0 - 3 days | I55: =COUNTIFS('Monthly Report Dec-25'!$X:$X,">=0",'Monthly Report Dec-25'!$X:$X,"<=3",'Monthly Report Dec-25'!$F:$F,"Closed",'Monthly Report Dec-25'!$W:$W,">="&DATE(2025,12,1),'Monthly Report Dec-25'!$W:$W,"<="&DATE(2025,12,31)) -> 5 | J55: =I55/$I$60 -> 0.0073964497
A56: 46008 | B56: =COUNTIFS('Monthly Report Dec-25'!$W:W,A56,'Monthly Report Dec-25'!F:F,"Closed") -> 64 | C56: 0 | H56: 4 - 7 days | I56: =COUNTIFS('Monthly Report Dec-25'!$X:$X,">=4",'Monthly Report Dec-25'!$X:$X,"<=7",'Monthly Report Dec-25'!$F:$F,"Closed",'Monthly Report Dec-25'!$W:$W,">="&DATE(2025,12,1),'Monthly Report Dec-25'!$W:$W,"<="&DATE(2025,12,31)) -> 15 | J56: =I56/$I$60 -> 0.022189349
A57: 46009 | B57: =COUNTIFS('Monthly Report Dec-25'!$W:W,A57,'Monthly Report Dec-25'!F:F,"Closed") -> 22 | C57: 0 | H57: 8 - 15 days | I57: =COUNTIFS('Monthly Report Dec-25'!$X:$X,">=8",'Monthly Report Dec-25'!$X:$X,"<=15",'Monthly Report Dec-25'!$F:$F,"Closed",'Monthly Report Dec-25'!$W:$W,">="&DATE(2025,12,1),'Monthly Report Dec-25'!$W:$W,"<="&DATE(2025,12,31)) -> 78 | J57: =I57/$I$60 -> 0.11538462
A58: 46010 | B58: =COUNTIFS('Monthly Report Dec-25'!$W:W,A58,'Monthly Report Dec-25'!F:F,"Closed") -> 3 | C58: 0 | H58: 16 - 30 days | I58: =COUNTIFS('Monthly Report Dec-25'!$X:$X,">=16",'Monthly Report Dec-25'!$X:$X,"<=30",'Monthly Report Dec-25'!$F:$F,"Closed",'Monthly Report Dec-25'!$W:$W,">="&DATE(2025,12,1),'Monthly Report Dec-25'!$W:$W,"<="&DATE(2025,12,31)) -> 240 | J58: =I58/$I$60 -> 0.35502959
A59: 46011 | B59: =COUNTIFS('Monthly Report Dec-25'!$W:W,A59,'Monthly Report Dec-25'!F:F,"Closed") -> 11 | C59: 0 | H59: > 30 days | I59: =COUNTIFS('Monthly Report Dec-25'!$X:$X,"<=30",'Monthly Report Dec-25'!$F:$F,"Closed",'Monthly Report Dec-25'!$W:$W,">="&DATE(2025,12,1),'Monthly Report Dec-25'!$W:$W,"<="&DATE(2025,12,31)) -> 338 | J59: =I59/$I$60 -> 0.5
A60: 46012 | B60: =COUNTIFS('Monthly Report Dec-25'!$W:W,A60,'Monthly Report Dec-25'!F:F,"Closed") -> 0 | C60: 0 | H60: TOTAL | I60: =SUM(I55:I59) -> 676 | J60: =SUM(J55:J59) -> 1
A61: 46013 | B61: =COUNTIFS('Monthly Report Dec-25'!$W:W,A61,'Monthly Report Dec-25'!F:F,"Closed") -> 23 | C61: 0 | H61: Avg TAT (days) | I61: =ROUND(AVERAGEIFS('Monthly Report Dec-25'!$X:$X,'Monthly Report Dec-25'!$X:$X,">=0",'Monthly Report Dec-25'!$F:$F,"Closed",'Monthly Report Dec-25'!$W:$W,">="&DATE(2025,12,1),'Monthly Report Dec-25'!W:W,"<="&DATE(2026,12,31)),1) -> 22.2
A62: 46014 | B62: =COUNTIFS('Monthly Report Dec-25'!$W:W,A62,'Monthly Report Dec-25'!F:F,"Closed") -> 6 | C62: 0
A63: 46015 | B63: =COUNTIFS('Monthly Report Dec-25'!$W:W,A63,'Monthly Report Dec-25'!F:F,"Closed") -> 1 | C63: 0
A64: 46016 | B64: =COUNTIFS('Monthly Report Dec-25'!$W:W,A64,'Monthly Report Dec-25'!F:F,"Closed") -> 0 | C64: 0
A65: 46017 | B65: =COUNTIFS('Monthly Report Dec-25'!$W:W,A65,'Monthly Report Dec-25'!F:F,"Closed") -> 0 | C65: 0
A66: 46018 | B66: =COUNTIFS('Monthly Report Dec-25'!$W:W,A66,'Monthly Report Dec-25'!F:F,"Closed") -> 0 | C66: 0
A67: 46019 | B67: =COUNTIFS('Monthly Report Dec-25'!$W:W,A67,'Monthly Report Dec-25'!F:F,"Closed") -> 0 | C67: 0
A68: 46020 | B68: =COUNTIFS('Monthly Report Dec-25'!$W:W,A68,'Monthly Report Dec-25'!F:F,"Closed") -> 6 | C68: 0
A69: 46021 | B69: =COUNTIFS('Monthly Report Dec-25'!$W:W,A69,'Monthly Report Dec-25'!F:F,"Closed") -> 10 | C69: 0
A70: 46022 | B70: =COUNTIFS('Monthly Report Dec-25'!$W:W,A70,'Monthly Report Dec-25'!F:F,"Closed") -> 7 | C70: 0
A72: MODULE TYPE DEFECT ANALYSIS - DEC 2025
A73: Defect Type (Our Evaluation) | B73: G2B | C73: G2TB | D73: G2G | E73: Grand Total
A74: JB Issue | B74: =COUNTIFS('Monthly Report Dec-25'!$M:$M,A74,'Monthly Report Dec-25'!$R:$R,B$73,'Monthly Report Dec-25'!$AB:$AB,"Closed in Dec") -> 95 | C74: =COUNTIFS('Monthly Report Dec-25'!$M:$M,$A74,'Monthly Report Dec-25'!$R:$R,$C$73,'Monthly Report Dec-25'!$AB:$AB,"Closed in Dec") -> 12 | D74: =COUNTIFS('Monthly Report Dec-25'!$M:$M,$A74,'Monthly Report Dec-25'!$R:$R,$D$73,'Monthly Report Dec-25'!$AB:$AB,"Closed in Dec") -> 44 | E74: =SUM(B74:D74) -> 151
A75: Module Damaged | B75: =COUNTIFS('Monthly Report Dec-25'!$M:$M,A75,'Monthly Report Dec-25'!$R:$R,B$73,'Monthly Report Dec-25'!$AB:$AB,"Closed in Dec") -> 1 | C75: =COUNTIFS('Monthly Report Dec-25'!$M:$M,$A75,'Monthly Report Dec-25'!$R:$R,$C$73,'Monthly Report Dec-25'!$AB:$AB,"Closed in Dec") -> 0 | D75: =COUNTIFS('Monthly Report Dec-25'!$M:$M,$A75,'Monthly Report Dec-25'!$R:$R,$D$73,'Monthly Report Dec-25'!$AB:$AB,"Closed in Dec") -> 66 | E75: =SUM(B75:D75) -> 67
A76: Cold Soldering | B76: =COUNTIFS('Monthly Report Dec-25'!$M:$M,A76,'Monthly Report Dec-25'!$R:$R,B$73,'Monthly Report Dec-25'!$AB:$AB,"Closed in Dec") -> 5 | C76: =COUNTIFS('Monthly Report Dec-25'!$M:$M,$A76,'Monthly Report Dec-25'!$R:$R,$C$73,'Monthly Report Dec-25'!$AB:$AB,"Closed in Dec") -> 3 | D76: =COUNTIFS('Monthly Report Dec-25'!$M:$M,$A76,'Monthly Report Dec-25'!$R:$R,$D$73,'Monthly Report Dec-25'!$AB:$AB,"Closed in Dec") -> 119 | E76: =SUM(B76:D76) -> 127
A77: No Issue | B77: =COUNTIFS('Monthly Report Dec-25'!$M:$M,A77,'Monthly Report Dec-25'!$R:$R,B$73,'Monthly Report Dec-25'!$AB:$AB,"Closed in Dec") -> 20 | C77: =COUNTIFS('Monthly Report Dec-25'!$M:$M,$A77,'Monthly Report Dec-25'!$R:$R,$C$73,'Monthly Report Dec-25'!$AB:$AB,"Closed in Dec") -> 0 | D77: =COUNTIFS('Monthly Report Dec-25'!$M:$M,$A77,'Monthly Report Dec-25'!$R:$R,$D$73,'Monthly Report Dec-25'!$AB:$AB,"Closed in Dec") -> 2 | E77: =SUM(B77:D77) -> 22
A78: JB Burn | B78: =COUNTIFS('Monthly Report Dec-25'!$M:$M,A78,'Monthly Report Dec-25'!$R:$R,B$73,'Monthly Report Dec-25'!$AB:$AB,"Closed in Dec") -> 0 | C78: =COUNTIFS('Monthly Report Dec-25'!$M:$M,$A78,'Monthly Report Dec-25'!$R:$R,$C$73,'Monthly Report Dec-25'!$AB:$AB,"Closed in Dec") -> 0 | D78: =COUNTIFS('Monthly Report Dec-25'!$M:$M,$A78,'Monthly Report Dec-25'!$R:$R,$D$73,'Monthly Report Dec-25'!$AB:$AB,"Closed in Dec") -> 11 | E78: =SUM(B78:D78) -> 11
A79: Burn Module | B79: =COUNTIFS('Monthly Report Dec-25'!$M:$M,A79,'Monthly Report Dec-25'!$R:$R,B$73,'Monthly Report Dec-25'!$AB:$AB,"Closed in Dec") -> 0 | C79: =COUNTIFS('Monthly Report Dec-25'!$M:$M,$A79,'Monthly Report Dec-25'!$R:$R,$C$73,'Monthly Report Dec-25'!$AB:$AB,"Closed in Dec") -> 0 | D79: =COUNTIFS('Monthly Report Dec-25'!$M:$M,$A79,'Monthly Report Dec-25'!$R:$R,$D$73,'Monthly Report Dec-25'!$AB:$AB,"Closed in Dec") -> 28 | E79: =SUM(B79:D79) -> 28
A80: Improper ribbon soldering | B80: =COUNTIFS('Monthly Report Dec-25'!$M:$M,A80,'Monthly Report Dec-25'!$R:$R,B$73,'Monthly Report Dec-25'!$AB:$AB,"Closed in Dec") -> 1 | C80: =COUNTIFS('Monthly Report Dec-25'!$M:$M,$A80,'Monthly Report Dec-25'!$R:$R,$C$73,'Monthly Report Dec-25'!$AB:$AB,"Closed in Dec") -> 0 | D80: =COUNTIFS('Monthly Report Dec-25'!$M:$M,$A80,'Monthly Report Dec-25'!$R:$R,$D$73,'Monthly Report Dec-25'!$AB:$AB,"Closed in Dec") -> 0 | E80: =SUM(B80:D80) -> 1
A81: Oil Marks on the module | B81: =COUNTIFS('Monthly Report Dec-25'!$M:$M,A81,'Monthly Report Dec-25'!$R:$R,B$73,'Monthly Report Dec-25'!$AB:$AB,"Closed in Dec") -> 0 | C81: =COUNTIFS('Monthly Report Dec-25'!$M:$M,$A81,'Monthly Report Dec-25'!$R:$R,$C$73,'Monthly Report Dec-25'!$AB:$AB,"Closed in Dec") -> 1 | D81: =COUNTIFS('Monthly Report Dec-25'!$M:$M,$A81,'Monthly Report Dec-25'!$R:$R,$D$73,'Monthly Report Dec-25'!$AB:$AB,"Closed in Dec") -> 0 | E81: =SUM(B81:D81) -> 1
A82: Not related to Premier Complaints | B82: =COUNTIFS('Monthly Report Dec-25'!$M:$M,A82,'Monthly Report Dec-25'!$R:$R,B$73,'Monthly Report Dec-25'!$AB:$AB,"Closed in Dec") -> 0 | C82: =COUNTIFS('Monthly Report Dec-25'!$M:$M,$A82,'Monthly Report Dec-25'!$R:$R,$C$73,'Monthly Report Dec-25'!$AB:$AB,"Closed in Dec") -> 0 | D82: =COUNTIFS('Monthly Report Dec-25'!$M:$M,$A82,'Monthly Report Dec-25'!$R:$R,$D$73,'Monthly Report Dec-25'!$AB:$AB,"Closed in Dec") -> 0 | E82: =SUM(B82:D82) -> 0
A83: JB tampered & Glass Breakage | B83: =COUNTIFS('Monthly Report Dec-25'!$M:$M,A83,'Monthly Report Dec-25'!$S:$S,B$73,'Monthly Report Dec-25'!$AE:$AE,"Closed in June") -> 0 | C83: =COUNTIFS('Monthly Report Dec-25'!$N:$N,$A83,'Monthly Report Dec-25'!$S:$S,C$73,'Monthly Report Dec-25'!$AE:$AE,"Closed in June") -> 0 | D83: =COUNTIFS('Monthly Report Dec-25'!$N:$N,$A83,'Monthly Report Dec-25'!$S:$S,D$73,'Monthly Report Dec-25'!$AE:$AE,"Closed in June") -> 0 | E83: =SUM(B83:D83) -> 0
A84: Frame damage | B84: =COUNTIFS('Monthly Report Dec-25'!$M:$M,A84,'Monthly Report Dec-25'!$S:$S,B$73,'Monthly Report Dec-25'!$AE:$AE,"Closed in June") -> 0 | C84: =COUNTIFS('Monthly Report Dec-25'!$N:$N,$A84,'Monthly Report Dec-25'!$S:$S,C$73,'Monthly Report Dec-25'!$AE:$AE,"Closed in June") -> 0 | D84: =COUNTIFS('Monthly Report Dec-25'!$N:$N,$A84,'Monthly Report Dec-25'!$S:$S,D$73,'Monthly Report Dec-25'!$AE:$AE,"Closed in June") -> 0 | E84: =SUM(B84:D84) -> 0
A85: Module Breakage & Burn | B85: =COUNTIFS('Monthly Report Dec-25'!$M:$M,A85,'Monthly Report Dec-25'!$S:$S,B$73,'Monthly Report Dec-25'!$AE:$AE,"Closed in June") -> 0 | C85: =COUNTIFS('Monthly Report Dec-25'!$N:$N,$A85,'Monthly Report Dec-25'!$S:$S,C$73,'Monthly Report Dec-25'!$AE:$AE,"Closed in June") -> 0 | D85: =COUNTIFS('Monthly Report Dec-25'!$N:$N,$A85,'Monthly Report Dec-25'!$S:$S,D$73,'Monthly Report Dec-25'!$AE:$AE,"Closed in June") -> 0 | E85: =SUM(B85:D85) -> 0
A86: Tab lead Burn | B86: =COUNTIFS('Monthly Report Dec-25'!$M:$M,A86,'Monthly Report Dec-25'!$S:$S,B$73,'Monthly Report Dec-25'!$AE:$AE,"Closed in June") -> 0 | C86: =COUNTIFS('Monthly Report Dec-25'!$N:$N,$A86,'Monthly Report Dec-25'!$S:$S,C$73,'Monthly Report Dec-25'!$AE:$AE,"Closed in June") -> 0 | D86: =COUNTIFS('Monthly Report Dec-25'!$N:$N,$A86,'Monthly Report Dec-25'!$S:$S,D$73,'Monthly Report Dec-25'!$AE:$AE,"Closed in June") -> 0 | E86: =SUM(B86:D86) -> 0
A87: JB & Cable Damege | B87: =COUNTIFS('Monthly Report Dec-25'!$M:$M,A87,'Monthly Report Dec-25'!$S:$S,B$73,'Monthly Report Dec-25'!$AE:$AE,"Closed in June") -> 0 | C87: =COUNTIFS('Monthly Report Dec-25'!$N:$N,$A87,'Monthly Report Dec-25'!$S:$S,C$73,'Monthly Report Dec-25'!$AE:$AE,"Closed in June") -> 0 | D87: =COUNTIFS('Monthly Report Dec-25'!$N:$N,$A87,'Monthly Report Dec-25'!$S:$S,D$73,'Monthly Report Dec-25'!$AE:$AE,"Closed in June") -> 0 | E87: =SUM(B87:D87) -> 0
A88: Hotspot | B88: =COUNTIFS('Monthly Report Dec-25'!$M:$M,A88,'Monthly Report Dec-25'!$S:$S,B$73,'Monthly Report Dec-25'!$AE:$AE,"Closed in June") -> 0 | C88: =COUNTIFS('Monthly Report Dec-25'!$N:$N,$A88,'Monthly Report Dec-25'!$S:$S,C$73,'Monthly Report Dec-25'!$AE:$AE,"Closed in June") -> 0 | D88: =COUNTIFS('Monthly Report Dec-25'!$N:$N,$A88,'Monthly Report Dec-25'!$S:$S,D$73,'Monthly Report Dec-25'!$AE:$AE,"Closed in June") -> 0 | E88: =SUM(B88:D88) -> 0
A89: Broken Module | B89: =COUNTIFS('Monthly Report Dec-25'!$M:$M,A89,'Monthly Report Dec-25'!$S:$S,B$73,'Monthly Report Dec-25'!$AE:$AE,"Closed in June") -> 0 | C89: =COUNTIFS('Monthly Report Dec-25'!$N:$N,$A89,'Monthly Report Dec-25'!$S:$S,C$73,'Monthly Report Dec-25'!$AE:$AE,"Closed in June") -> 0 | D89: =COUNTIFS('Monthly Report Dec-25'!$N:$N,$A89,'Monthly Report Dec-25'!$S:$S,D$73,'Monthly Report Dec-25'!$AE:$AE,"Closed in June") -> 0 | E89: =SUM(B89:D89) -> 0
A90: Grand Total | B90: =SUM(B74:B88) -> 122 | C90: =SUM(C74:C88) -> 16 | D90: =SUM(D74:D88) -> 270 | E90: =SUM(E74:E89) -> 408

Sheet Daily Report Dec-25
A1: Date | B1: Site | C1: Area | D1: State | E1: No Of Complaints | F1: Visited by | G1: Complaint ID | H1: Remarks
A2: 45995 | B2: Madhav Infra Projects Ltd. | C2: Lakadia,Bhachau,Kutchh | D2: Gujarat | E2: 26 | F2: Kunal & Aniruddha | G2: N/A | H2: Retrofit
A3: 45996 | B3: Madhav Infra Projects Ltd. | C3: Lakadia,Bhachau,Kutchh | D3: Gujarat | E3: 25 | F3: Kunal & Aniruddha | G3: N/A | H3: Retrofit
A4: 45997 | B4: Madhav Infra Projects Ltd. | C4: Lakadia,Bhachau,Kutchh | D4: Gujarat | E4: 29 | F4: Kunal & Aniruddha | G4: N/A | H4: Retrofit
A5: 45998 | B5: Madhav Infra Projects Ltd. | C5: Lakadia,Bhachau,Kutchh | D5: Gujarat | E5: 18 | F5: Kunal & Aniruddha | G5: N/A | H5: Retrofit
A6: 45999 | B6: Panasonic | C6: Aluva | D6: Kerala | E6: 1 | F6: Pavan | G6: N/A | H6: Retrofit
A7: 45999 | B7: Panasonic | C7: Mahavishnu Nagar, Nagpur | D7: Maharashtra | E7: 1 | F7: Chanchal | G7: N/A | H7: Retrofit
A8: 45999 | B8: Panasonic | C8: Nagpur | D8: Maharashtra | E8: 3 | F8: Chanchal | G8: N/A | H8: Retrofit
A9: 45999 | B9: TRUE SUN TRADING COMPANY | C9: VELIYANOOR | D9: Gujarat | E9: 1 | F9: Complaints closed by True Sun team | G9: N/A | H9: Retrofit
A10: 45999 | B10: Blupine | C10: Bhopalgarh | D10: Rajasthan | E10: 9 | F10: Kamal | G10: N/A | H10: Retrofit
A11: 46001 | B11: Blupine | C11: Bhopalgarh | D11: Rajasthan | E11: 19 | F11: Kamal | G11: N/A | H11: Retrofit
A12: 46001 | B12: TRUE SUN TRADING COMPANY | C12: Kizhakenmuthoor | D12: Kerala | E12: 1 | F12: Pavan | G12: w-122 | H12: Retrofit
A13: 45992 | B13: Axitec Energy | C13: Ernakulam | D13: Kerala | E13: 1 | F13: By mail | G13: N/A | H13: By mail
... A39: 46022 | B39: Continuum | C39: Bhuj | D39: Gujarat | E39: 7 | F39: Bhimsen + 4 | G39: N/A | H39: Retrofit

Sheet Monthly Report Dec-25
A1: Request Received Date | B1: Year | C1: Complaint Raised By | D1: Customer Type | E1: Project Name | F1: Current Status | G1: Claim Reported By | H1: Contact No. | I1: Contract / Complaint / Invoice No. | J1: Customer Reported Problem | K1: Venue / Location | L1: State | M1: Our Evaluation | N1: PV Panels Wp | O1: Module Serial Number | P1: Module Make Year | Q1: Module Make Month | R1: Module Type | S1: Manufacturing Plant | T1: Remark | U1: Action Taken | V1: Resolution Type | W1: Date of Claim Settled | X1: Claim Settlement Duration | Y1: Costing/Module | Z1: Review Meeting Remarks - | AA1: Todays review Minutes
A2: 45941 | B2: 2025 | C2: Madhav Infra Projects Ltd. | D2: Channel Sales | E2: GIPCL,Vastan ,Surat | F2: Closed | G2: Ritesh Jariwala | H2: 9033920684 | J2: Low VOC | K2: Vastan | L2: Gujarat | M2: JB Issue | N2: 545 | O2: NSMI24120992977 | P2: =MID(O2,5,2) -> 24 | Q2: =MID(O2,7,2) -> 12 | R2: G2G | S2: P5 - PEGPL | T2: JB Issue | U2: P JB Changed | V2: Repair | W2: 45999 | X2: =W2-A2 -> 58 | AB2: =IF(AND(F2="Closed",W2>=DATE(2025,12,1),W2<=DATE(2025,12,31)),"Closed in Dec","Other") -> Closed in Dec
A3: 45941 | B3: 2025 | C3: Madhav Infra Projects Ltd. | D3: Channel Sales | E3: GIPCL,Vastan ,Surat | F3: Closed | G3: Ritesh Jariwala | H3: 9033920684 | J3: Low VOC | K3: Vastan | L3: Gujarat | M3: JB Issue | N3: 545 | O3: NSMI24120993021 | P3: =MID(O3,5,2) -> 24 | Q3: =MID(O3,7,2) -> 12 | R3: G2G | S3: P5 - PEGPL | T3: JB Issue | U3: P JB Changed | V3: Repair | W3: 45999 | X3: =W3-A3 -> 58 | AB3: =IF(AND(F3="Closed",W3>=DATE(2025,12,1),W3<=DATE(2025,12,31)),"Closed in Dec","Other") -> Closed in Dec
A4: 45973 | B4: 2025 | C4: Madhav Infra Projects Ltd. | D4: Channel Sales | E4: Lakadia,Bhachau,Kutchh | F4: Closed | G4: Ritesh Jariwala | H4: 9033920684 | J4: Sustained damage | K4: Lakadia | L4: Gujarat | M4: JB Issue | N4: 540 | O4: NSMP2307404623 | P4: =MID(O4,5,2) -> 23 | Q4: =MID(O4,7,2) -> 07 | R4: G2B | S4: P2 - PEPPL | T4: JB Issue | U4: All Jb Changed | V4: Repair | W4: 45998 | X4: =W4-A4 -> 25 | AB4: =IF(AND(F4="Closed",W4>=DATE(2025,12,1),W4<=DATE(2025,12,31)),"Closed in Dec","Other") -> Closed in Dec
A5: 45973 | B5: 2025 | C5: Madhav Infra Projects Ltd. | D5: Channel Sales | E5: Lakadia,Bhachau,Kutchh | F5: Closed | G5: Ritesh Jariwala | H5: 9033920684 | J5: Sustained damage | K5: Lakadia | L5: Gujarat | M5: JB Issue | N5: 540 | O5: NSMP2307404631 | P5: =MID(O5,5,2) -> 23 | Q5: =MID(O5,7,2) -> 07 | R5: G2B | S5: P2 - PEPPL | T5: JB Issue | U5: All Jb Changed | V5: Repair | W5: 45998 | X5: =W5-A5 -> 25 | AB5: =IF(AND(F5="Closed",W5>=DATE(2025,12,1),W5<=DATE(2025,12,31)),"Closed in Dec","Other") -> Closed in Dec
A6: 45973 | B6: 2025 | C6: Madhav Infra Projects Ltd. | D6: Channel Sales | E6: Lakadia,Bhachau,Kutchh | F6: Closed | G6: Ritesh Jariwala | H6: 9033920684 | J6: Sustained damage | K6: Lakadia | L6: Gujarat | M6: JB Issue | N6: 540 | O6: NSMP2307404571 | P6: =MID(O6,5,2) -> 23 | Q6: =MID(O6,7,2) -> 07 | R6: G2B | S6: P2 - PEPPL | T6: JB Issue | U6: All Jb Changed | V6: Repair | W6: 45998 | X6: =W6-A6 -> 25 | AB6: =IF(AND(F6="Closed",W6>=DATE(2025,12,1),W6<=DATE(2025,12,31)),"Closed in Dec","Other") -> Closed in Dec
A7: 45973 | B7: 2025 | C7: Madhav Infra Projects Ltd. | D7: Channel Sales | E7: Lakadia,Bhachau,Kutchh | F7: Closed | G7: Ritesh Jariwala | H7: 9033920684 | J7: Sustained damage | K7: Lakadia | L7: Gujarat | M7: JB Issue | N7: 540 | O7: NSMP2307406784 | P7: =MID(O7,5,2) -> 23 | Q7: =MID(O7,7,2) -> 07 | R7: G2B | S7: P2 - PEPPL | T7: JB Issue | U7: All Jb Changed | V7: Repair | W7: 45998 | X7: =W7-A7 -> 25 | AB7: =IF(AND(F7="Closed",W7>=DATE(2025,12,1),W7<=DATE(2025,12,31)),"Closed in Dec","Other") -> Closed in Dec
A8: 45973 | B8: 2025 | C8: Madhav Infra Projects Ltd. | D8: Channel Sales | E8: Lakadia,Bhachau,Kutchh | F8: Closed | G8: Ritesh Jariwala | H8: 9033920684 | J8: Sustained damage | K8: Lakadia | L8: Gujarat | M8: JB Issue | N8: 540 | O8: NSMP2307406768 | P8: =MID(O8,5,2) -> 23 | Q8: =MID(O8,7,2) -> 07 | R8: G2B | S8: P2 - PEPPL | T8: JB Issue | U8: All Jb Changed | V8: Repair | W8: 45998 | X8: =W8-A8 -> 25 | AB8: =IF(AND(F8="Closed",W8>=DATE(2025,12,1),W8<=DATE(2025,12,31)),"Closed in Dec","Other") -> Closed in Dec
A9: 45973 | B9: 2025 | C9: Madhav Infra Projects Ltd. | D9: Channel Sales | E9: Lakadia,Bhachau,Kutchh | F9: Closed | G9: Ritesh Jariwala | H9: 9033920684 | J9: Sustained damage | K9: Lakadia | L9: Gujarat | M9: JB Issue | N9: 540 | O9: NSMP2307406744 | P9: =MID(O9,5,2) -> 23 | Q9: =MID(O9,7,2) -> 07 | R9: G2B | S9: P2 - PEPPL | T9: JB Issue | U9: All Jb Changed | V9: Repair | W9: 45998 | X9: =W9-A9 -> 25 | AB9: =IF(AND(F9="Closed",W9>=DATE(2025,12,1),W9<=DATE(2025,12,31)),"Closed in Dec","Other") -> Closed in Dec
A10: 45973 | B10: 2025 | C10: Madhav Infra Projects Ltd. | D10: Channel Sales | E10: Lakadia,Bhachau,Kutchh | F10: Closed | G10: Ritesh Jariwala | H10: 9033920684 | J10: Sustained damage | K10: Lakadia | L10: Gujarat | M10: JB Issue | N10: 540 | O10: NSMP2307406753 | P10: =MID(O10,5,2) -> 23 | Q10: =MID(O10,7,2) -> 07 | R10: G2B | S10: P2 - PEPPL | T10: JB Issue | U10: All Jb Changed | V10: Repair | W10: 45998 | X10: =W10-A10 -> 25 | AB10: =IF(AND(F10="Closed",W10>=DATE(2025,12,1),W10<=DATE(2025,12,31)),"Closed in Dec","Other") -> Closed in Dec
A11: 45973 | B11: 2025 | C11: Madhav Infra Projects Ltd. | D11: Channel Sales | E11: Lakadia,Bhachau,Kutchh | F11: Closed | G11: Ritesh Jariwala | H11: 9033920684 | J11: Sustained damage | K11: Lakadia | L11: Gujarat | M11: JB Issue | N11: 540 | O11: NSMP2307406719 | P11: =MID(O11,5,2) -> 23 | Q11: =MID(O11,7,2) -> 07 | R11: G2B | S11: P2 - PEPPL | T11: JB Issue | U11: All Jb Changed | V11: Repair | W11: 45998 | X11: =W11-A11 -> 25 | AB11: =IF(AND(F11="Closed",W11>=DATE(2025,12,1),W11<=DATE(2025,12,31)),"Closed in Dec","Other") -> Closed in Dec
A12: 45973 | B12: 2025 | C12: Madhav Infra Projects Ltd. | D12: Channel Sales | E12: Lakadia,Bhachau,Kutchh | F12: Closed | G12: Ritesh Jariwala | H12: 9033920684 | J12: Sustained damage | K12: Lakadia | L12: Gujarat | M12: JB Issue | N12: 540 | O12: NSMP2307406752 | P12: =MID(O12,5,2) -> 23 | Q12: =MID(O12,7,2) -> 07 | R12: G2B | S12: P2 - PEPPL | T12: JB Issue | U12: All Jb Changed | V12: Repair | W12: 45998 | X12: =W12-A12 -> 25 | AB12: =IF(AND(F12="Closed",W12>=DATE(2025,12,1),W12<=DATE(2025,12,31)),"Closed in Dec","Other") -> Closed in Dec
A13: 45973 | B13: 2025 | C13: Madhav Infra Projects Ltd. | D13: Channel Sales | E13: Lakadia,Bhachau,Kutchh | F13: Closed | G13: Ritesh Jariwala | H13: 9033920684 | J13: Sustained damage | K13: Lakadia | L13: Gujarat | M13: JB Issue | N13: 540 | O13: NSMP2307406504 | P13: =MID(O13,5,2) -> 23 | Q13: =MID(O13,7,2) -> 07 | R13: G2B | S13: P2 - PEPPL | T13: JB Issue | U13: All Jb Changed | V13: Repair | W13: 45998 | X13: =W13-A13 -> 25 | AB13: =IF(AND(F13="Closed",W13>=DATE(2025,12,1),W13<=DATE(2025,12,31)),"Closed in Dec","Other") -> Closed in Dec
... A99: 45973 | B99: 2025 | C99: Madhav Infra Projects Ltd. | D99: Channel Sales | E99: Lakadia,Bhachau,Kutchh | F99: Closed | G99: Ritesh Jariwala | H99: 9033920684 | J99: Sustained damage | K99: Lakadia | L99: Gujarat | M99: JB Issue | N99: 540 | O99: NSMP2307402779 | P99: =MID(O99,5,2) -> 23 | Q99: =MID(O99,7,2) -> 07 | R99: G2B | S99: P2 - PEPPL | T99: JB Issue | U99: All Jb Changed | V99: Repair | W99: 45998 | X99: =W99-A99 -> 25 | AB99: =IF(AND(F99="Closed",W99>=DATE(2025,12,1),W99<=DATE(2025,12,31)),"Closed in Dec","Other") -> Closed in Dec
A100: 45923 | B100: 2025 | C100: True Sun Trading Company | D100: Channel Sales | F100: Closed | G100: Joel Jacob | H100: 7902222180 | J100: Low Voc | K100: VELIYANOOR | L100: Gujarat | M100: Cold Soldering | N100: 545 | O100: Wrong Srl. no.(w-94) updated in w-99 | P100: N/A | Q100: N/A | T100: Complaints closed by True Sun team | U100: Complaints closed by True Sun team | V100: Repair | W100: 45999 | X100: =W100-A100 -> 76 | AB100: =IF(AND(F100="Closed",W100>=DATE(2025,12,1),W100<=DATE(2025,12,31)),"Closed in Dec","Other") -> Closed in Dec
A101: 45996 | B101: 2025 | C101: Panasonic | D101: Channel Sales | F101: Closed | G101: Chirag Tare | H101: 7719846027 | J101: Low VOC | K101: Nagpur | L101: Maharashtra | M101: No Issue | N101: 445 | O101: NSMP2203012985 | P101: =MID(O101,5,2) -> 22 | Q101: =MID(O101,7,2) -> 03 | R101: G2B | S101: P2 - PEPPL | T101: No Issue | U101: Found OK | V101: Repair | W101: 45999 | X101: =W101-A101 -> 3 | AB101: =IF(AND(F101="Closed",W101>=DATE(2025,12,1),W101<=DATE(2025,12,31)),"Closed in Dec","Other") -> Closed in Dec
A102: 45994 | B102: 2025 | C102: Panasonic | D102: Channel Sales | F102: Closed | G102: Chirag Tare | H102: 7719846027 | J102: Low VOC | K102: Nagpur | L102: Maharashtra | M102: Cold Soldering | N102: 545 | O102: NSMP2211232416 | P102: =MID(O102,5,2) -> 22 | Q102: =MID(O102,7,2) -> 11 | R102: G2B | S102: P2 - PEPPL | T102: JB Issue | U102: All JB Soldering | V102: Repair | W102: 45999 | X102: =W102-A102 -> 5 | AB102: =IF(AND(F102="Closed",W102>=DATE(2025,12,1),W102<=DATE(2025,12,31)),"Closed in Dec","Other") -> Closed in Dec
A103: 45994 | B103: 2025 | C103: Panasonic | D103: Channel Sales | F103: Closed | G103: Chirag Tare | H103: 7719846027 | J103: Low VOC | K103: Nagpur | L103: Maharashtra | M103: Cold Soldering | N103: 545 | O103: NSMP2211232485 | P103: =MID(O103,5,2) -> 22 | Q103: =MID(O103,7,2) -> 11 | R103: G2B | S103: P2 - PEPPL | T103: JB Issue | U103: All JB Soldering | V103: Repair | W103: 45999 | X103: =W103-A103 -> 5 | AB103: =IF(AND(F103="Closed",W103>=DATE(2025,12,1),W103<=DATE(2025,12,31)),"Closed in Dec","Other") -> Closed in Dec
A104: 45994 | B104: 2025 | C104: Panasonic | D104: Channel Sales | F104: Closed | G104: Chirag Tare | H104: 7719846027 | J104: Low VOC | K104: Nagpur | L104: Maharashtra | M104: Cold Soldering | N104: 545 | O104: NSMP2211232374 | P104: =MID(O104,5,2) -> 22 | Q104: =MID(O104,7,2) -> 11 | R104: G2B | S104: P2 - PEPPL | T104: JB Issue | U104: All JB Soldering | V104: Repair | W104: 45999 | X104: =W104-A104 -> 5 | AB104: =IF(AND(F104="Closed",W104>=DATE(2025,12,1),W104<=DATE(2025,12,31)),"Closed in Dec","Other") -> Closed in Dec
A105: 45996 | B105: 2025 | C105: Panasonic | D105: Channel Sales | F105: Closed | G105: Chirag Tare | H105: 7719846027 | J105: Low VOC | K105: Aluva | L105: Kerala | M105: Cold Soldering | N105: 535 | O105: ANCHOR2305114695 | P105: 23 | Q105: =MID(O105,9,2) -> 05 | R105: G2B | S105: P2 - PEPPL | T105: JB Issue | U105: N JB Soldering | V105: Repair | W105: 45999 | X105: =W105-A105 -> 3 | AB105: =IF(AND(F105="Closed",W105>=DATE(2025,12,1),W105<=DATE(2025,12,31)),"Closed in Dec","Other") -> Closed in Dec
A106: 45999 | B106: 2025 | C106: Continuum | D106: Utility and C&I | F106: Closed | G106: Sudarshan Bhosale | H106: 9972197300 | J106: Low Voc / Burn spot | K106: Jamnagar | L106: Gujarat | M106: JB Burn | N106: 580 | O106: NSMI25040181104 | P106: =MID(O106,5,2) -> 25 | Q106: =MID(O106,7,2) -> 04 | R106: G2G | S106: P4 - PEIPL | T106: JB Issue | U106: P & N JB Changed | V106: Repair | W106: 46003 | X106: =W106-A106 -> 4 | AB106: =IF(AND(F106="Closed",W106>=DATE(2025,12,1),W106<=DATE(2025,12,31)),"Closed in Dec","Other") -> Closed in Dec
A107: 45999 | B107: 2025 | C107: Continuum | D107: Utility and C&I | F107: Closed | G107: Sudarshan Bhosale | H107: 9972197300 | J107: Low Voc / Burn spot | K107: Jamnagar | L107: Gujarat | M107: JB Burn | N107: 580 | O107: NSMI25040181026 | P107: =MID(O107,5,2) -> 25 | Q107: =MID(O107,7,2) -> 04 | R107: G2G | S107: P4 - PEIPL | T107: JB Issue | U107: P & N JB Changed | V107: Repair | W107: 46003 | X107: =W107-A107 -> 4 | AB107: =IF(AND(F107="Closed",W107>=DATE(2025,12,1),W107<=DATE(2025,12,31)),"Closed in Dec","Other") -> Closed in Dec
A108: 45999 | B108: 2025 | C108: Continuum | D108: Utility and C&I | F108: Closed | G108: Sudarshan Bhosale | H108: 9972197300 | J108: Low Voc / Burn spot | K108: Jamnagar | L108: Gujarat | M108: JB Burn | N108: 580 | O108: NSMI25040181099 | P108: =MID(O108,5,2) -> 25 | Q108: =MID(O108,7,2) -> 04 | R108: G2G | S108: P4 - PEIPL | T108: JB Issue | U108: P & N JB Changed | V108: Repair | W108: 46003 | X108: =W108-A108 -> 4 | AB108: =IF(AND(F108="Closed",W108>=DATE(2025,12,1),W108<=DATE(2025,12,31)),"Closed in Dec","Other") -> Closed in Dec
A109: 45999 | B109: 2025 | C109: Continuum | D109: Utility and C&I | F109: Closed | G109: Sudarshan Bhosale | H109: 9972197300 | J109: Low Voc / Burn spot | K109: Jamnagar | L109: Gujarat | M109: JB Burn | N109: 580 | O109: NSMI25040181106 | P109: =MID(O109,5,2) -> 25 | Q109: =MID(O109,7,2) -> 04 | R109: G2G | S109: P4 - PEIPL | T109: JB Issue | U109: P & N JB Changed | V109: Repair | W109: 46003 | X109: =W109-A109 -> 4 | AB109: =IF(AND(F109="Closed",W109>=DATE(2025,12,1),W109<=DATE(2025,12,31)),"Closed in Dec","Other") -> Closed in Dec
A110: 45999 | B110: 2025 | C110: Continuum | D110: Utility and C&I | F110: Closed | G110: Sudarshan Bhosale | H110: 9972197300 | J110: Low Voc / Burn spot | K110: Jamnagar | L110: Gujarat | M110: JB Burn | N110: 580 | O110: NSMI25040181095 | P110: =MID(O110,5,2) -> 25 | Q110: =MID(O110,7,2) -> 04 | R110: G2G | S110: P4 - PEIPL | T110: JB Issue | U110: P & N JB Changed | V110: Repair | W110: 46003 | X110: =W110-A110 -> 4 | AB110: =IF(AND(F110="Closed",W110>=DATE(2025,12,1),W110<=DATE(2025,12,31)),"Closed in Dec","Other") -> Closed in Dec
A111: 45999 | B111: 2025 | C111: Continuum | D111: Utility and C&I | F111: Closed | G111: Sudarshan Bhosale | H111: 9972197300 | J111: Low Voc / Burn spot | K111: Jamnagar | L111: Gujarat | M111: JB Burn | N111: 580 | O111: NSMI25040181107 | P111: =MID(O111,5,2) -> 25 | Q111: =MID(O111,7,2) -> 04 | R111: G2G | S111: P4 - PEIPL | T111: JB Burnt | U111: All Jb Changed | V111: Repair | W111: 46003 | X111: =W111-A111 -> 4 | AB111: =IF(AND(F111="Closed",W111>=DATE(2025,12,1),W111<=DATE(2025,12,31)),"Closed in Dec","Other") -> Closed in Dec
A112: 45999 | B112: 2025 | C112: Continuum | D112: Utility and C&I | F112: Closed | G112: Sudarshan Bhosale | H112: 9972197300 | J112: Low Voc / Burn spot | K112: Jamnagar | L112: Gujarat | M112: JB Burn | N112: 580 | O112: NSMI25040181109 | P112: =MID(O112,5,2) -> 25 | Q112: =MID(O112,7,2) -> 04 | R112: G2G | S112: P4 - PEIPL | T112: JB Issue | U112: P & N JB Changed | V112: Repair | W112: 46004 | X112: =W112-A112 -> 5 | AB112: =IF(AND(F112="Closed",W112>=DATE(2025,12,1),W112<=DATE(2025,12,31)),"Closed in Dec","Other") -> Closed in Dec
A113: 45999 | B113: 2025 | C113: Continuum | D113: Utility and C&I | F113: Closed | G113: Sudarshan Bhosale | H113: 9972197300 | J113: Low Voc / Burn spot | K113: Jamnagar | L113: Gujarat | M113: JB Burn | N113: 580 | O113: NSMI25040181112 | P113: =MID(O113,5,2) -> 25 | Q113: =MID(O113,7,2) -> 04 | R113: G2G | S113: P4 - PEIPL | T113: JB Burnt | U113: N JB Changed | V113: Repair | W113: 46004 | X113: =W113-A113 -> 5 | AB113: =IF(AND(F113="Closed",W113>=DATE(2025,12,1),W113<=DATE(2025,12,31)),"Closed in Dec","Other") -> Closed in Dec
A114: 45999 | B114: 2025 | C114: Continuum | D114: Utility and C&I | F114: Closed | G114: Sudarshan Bhosale | H114: 9972197300 | J114: Low Voc / Burn spot | K114: Jamnagar | L114: Gujarat | M114: JB Burn | N114: 580 | O114: NSMI25040181131 | P114: =MID(O114,5,2) -> 25 | Q114: =MID(O114,7,2) -> 04 | R114: G2G | S114: P4 - PEIPL | T114: JB Issue | U114: P & N JB Changed | V114: Repair | W114: 46004 | X114: =W114-A114 -> 5 | AB114: =IF(AND(F114="Closed",W114>=DATE(2025,12,1),W114<=DATE(2025,12,31)),"Closed in Dec","Other") -> Closed in Dec
A115: 45999 | B115: 2025 | C115: Continuum | D115: Utility and C&I | F115: Closed | G115: Sudarshan Bhosale | H115: 9972197300 | J115: Low Voc / Burn spot | K115: Jamnagar | L115: Gujarat | M115: JB Burn | N115: 580 | O115: NSMI25040181097 | P115: =MID(O115,5,2) -> 25 | Q115: =MID(O115,7,2) -> 04 | R115: G2G | S115: P4 - PEIPL | T115: JB Issue | U115: P & N JB Changed | V115: Repair | W115: 46004 | X115: =W115-A115 -> 5 | AB115: =IF(AND(F115="Closed",W115>=DATE(2025,12,1),W115<=DATE(2025,12,31)),"Closed in Dec","Other") -> Closed in Dec
A116: 45999 | B116: 2025 | C116: Continuum | D116: Utility and C&I | F116: Closed | G116: Sudarshan Bhosale | H116: 9972197300 | J116: Low Voc / Burn spot | K116: Jamnagar | L116: Gujarat | M116: JB Burn | N116: 580 | O116: NSMI25040181078 | P116: =MID(O116,5,2) -> 25 | Q116: =MID(O116,7,2) -> 04 | R116: G2G | S116: P4 - PEIPL | T116: JB Issue | U116: P JB Changed | V116: Repair | W116: 46004 | X116: =W116-A116 -> 5 | AB116: =IF(AND(F116="Closed",W116>=DATE(2025,12,1),W116<=DATE(2025,12,31)),"Closed in Dec","Other") -> Closed in Dec
A117: 46001 | B117: 2025 | C117: KVK Engineering | D117: Channel Sales | F117: Closed | G117: RAVIRAJ GOUD | H117: 9440789940 | J117: Low VOC | K117: Kukatpally Y-Junction ,Blanagar ,Hyderabad | L117: Telangana | M117: Cold Soldering | N117: 590 | O117: NSMI25060004260 | P117: =MID(O117,5,2) -> 25 | Q117: =MID(O117,7,2) -> 06 | R117: G2G | S117: P5 - PEGPL | T117: JB Issue | U117: N JB Soldering | V117: Repair | W117: 46011 | X117: =W117-A117 -> 10 | AB117: =IF(AND(F117="Closed",W117>=DATE(2025,12,1),W117<=DATE(2025,12,31)),"Closed in Dec","Other") -> Closed in Dec
A118: 45974 | B118: 2025 | C118: Blupine Jakson Green | D118: Utility and C&I | E118: Blupine Energy | F118: Closed | G118: Deepak Kumar Behera | H118: 7854906505 | J118: Low voc/Zero Amp/JB Damage module | K118: Mungeli | L118: Chhattisgarh | M118: Cold Soldering | N118: 585 | O118: NSMI24090424381 | P118: =MID(O118,5,2) -> 24 | Q118: =MID(O118,7,2) -> 09 | R118: G2G | S118: P4 - PEIPL | T118: JB Issue | U118: P JB Soldering | V118: Repair | W118: 46004 | X118: =W118-A118 -> 30 | AB118: =IF(AND(F118="Closed",W118>=DATE(2025,12,1),W118<=DATE(2025,12,31)),"Closed in Dec","Other") -> Closed in Dec
A119: 45974 | B119: 2025 | C119: Blupine Jakson Green | D119: Utility and C&I | E119: Blupine Energy | F119: Closed | G119: Deepak Kumar Behera | H119: 7854906506 | J119: Low voc/Zero Amp/JB Damage module | K119: Mungeli | L119: Chhattisgarh | M119: Cold Soldering | N119: 585 | O119: NSMI24090424355 | P119: =MID(O119,5,2) -> 24 | Q119: =MID(O119,7,2) -> 09 | R119: G2G | S119: P4 - PEIPL | T119: JB Issue | U119: P JB Soldering | V119: Repair | W119: 46004 | X119: =W119-A119 -> 30 | AB119: =IF(AND(F119="Closed",W119>=DATE(2025,12,1),W119<=DATE(2025,12,31)),"Closed in Dec","Other") -> Closed in Dec
A120: 45974 | B120: 2025 | C120: Blupine Jakson Green | D120: Utility and C&I | E120: Blupine Energy | F120: Closed | G120: Deepak Kumar Behera | H120: 7854906507 | J120: Low voc/Zero Amp/JB Damage module | K120: Mungeli | L120: Chhattisgarh | M120: Cold Soldering | N120: 585 | O120: NSMI24090424374 | P120: =MID(O120,5,2) -> 24 | Q120: =MID(O120,7,2) -> 09 | R120: G2G | S120: P4 - PEIPL | T120: JB Issue | U120: P JB Soldering | V120: Repair | W120: 46004 | X120: =W120-A120 -> 30 | AB120: =IF(AND(F120="Closed",W120>=DATE(2025,12,1),W120<=DATE(2025,12,31)),"Closed in Dec","Other") -> Closed in Dec
A121: 45974 | B121: 2025 | C121: Blupine Jakson Green | D121: Utility and C&I | E121: Blupine Energy | F121: Closed | G121: Deepak Kumar Behera | H121: 7854906508 | J121: Low voc/Zero Amp/JB Damage module | K121: Mungeli | L121: Chhattisgarh | M121: Cold Soldering | N121: 585 | O121: NSMI24090424378 | P121: =MID(O121,5,2) -> 24 | Q121: =MID(O121,7,2) -> 09 | R121: G2G | S121: P4 - PEIPL | T121: JB Issue | U121: P JB Soldering | V121: Repair | W121: 46004 | X121: =W121-A121 -> 30 | AB121: =IF(AND(F121="Closed",W121>=DATE(2025,12,1),W121<=DATE(2025,12,31)),"Closed in Dec","Other") -> Closed in Dec
A122: 45974 | B122: 2025 | C122: Blupine Jakson Green | D122: Utility and C&I | E122: Blupine Energy | F122: Closed | G122: Deepak Kumar Behera | H122: 7854906509 | J122: Low voc/Zero Amp/JB Damage module | K122: Mungeli | L122: Chhattisgarh | M122: Cold Soldering | N122: 585 | O122: NSMI24090424385 | P122: =MID(O122,5,2) -> 24 | Q122: =MID(O122,7,2) -> 09 | R122: G2G | S122: P4 - PEIPL | T122: JB Issue | U122: P JB Soldering | V122: Repair | W122: 46004 | X122: =W122-A122 -> 30 | AB122: =IF(AND(F122="Closed",W122>=DATE(2025,12,1),W122<=DATE(2025,12,31)),"Closed in Dec","Other") -> Closed in Dec
A123: 45974 | B123: 2025 | C123: Blupine Jakson Green | D123: Utility and C&I | E123: Blupine Energy | F123: Closed | G123: Deepak Kumar Behera | H123: 7854906510 | J123: Low voc/Zero Amp/JB Damage module | K123: Mungeli | L123: Chhattisgarh | M123: JB Issue | N123: 585 | O123: NSMI24090424386 | P123: =MID(O123,5,2) -> 24 | Q123: =MID(O123,7,2) -> 09 | R123: G2G | S123: P4 - PEIPL | T123: JB Issue | U123: P JB Changed | V123: Repair | W123: 46004 | X123: =W123-A123 -> 30 | AB123: =IF(AND(F123="Closed",W123>=DATE(2025,12,1),W123<=DATE(2025,12,31)),"Closed in Dec","Other") -> Closed in Dec
A124: 45974 | B124: 2025 | C124: Blupine Jakson Green | D124: Utility and C&I | E124: Blupine Energy | F124: Closed | G124: Deepak Kumar Behera | H124: 7854906511 | J124: Low voc/Zero Amp/JB Damage module | K124: Mungeli | L124: Chhattisgarh | M124: Cold Soldering | N124: 585 | O124: NSMI24090395950 | P124: =MID(O124,5,2) -> 24 | Q124: =MID(O124,7,2) -> 09 | R124: G2G | S124: P4 - PEIPL | T124: JB Issue | U124: P JB Soldering | V124: Repair | W124: 46006 | X124: =W124-A124 -> 32 | AB124: =IF(AND(F124="Closed",W124>=DATE(2025,12,1),W124<=DATE(2025,12,31)),"Closed in Dec","Other") -> Closed in Dec
A125: 45974 | B125: 2025 | C125: Blupine Jakson Green | D125: Utility and C&I | E125: Blupine Energy | F125: Closed | G125: Deepak Kumar Behera | H125: 7854906512 | J125: Low voc/Zero Amp/JB Damage module | K125: Mungeli | L125: Chhattisgarh | M125: Cold Soldering | N125: 585 | O125: NSMI24090424387 | P125: =MID(O125,5,2) -> 24 | Q125: =MID(O125,7,2) -> 09 | R125: G2G | S125: P4 - PEIPL | T125: JB Issue | U125: P JB Soldering | V125: Repair | W125: 46006 | X125: =W125-A125 -> 32 | AB125: =IF(AND(F125="Closed",W125>=DATE(2025,12,1),W125<=DATE(2025,12,31)),"Closed in Dec","Other") -> Closed in Dec
A126: 45974 | B126: 2025 | C126: Blupine Jakson Green | D126: Utility and C&I | E126: Blupine Energy | F126: Closed | G126: Deepak Kumar Behera | H126: 7854906513 | J126: Low voc/Zero Amp/JB Damage module | K126: Mungeli | L126: Chhattisgarh | M126: JB Issue | N126: 585 | O126: NSMI24090409475 | P126: =MID(O126,5,2) -> 24 | Q126: =MID(O126,7,2) -> 09 | R126: G2G | S126: P4 - PEIPL | T126: JB Issue | U126: P JB Changed | V126: Repair | W126: 46006 | X126: =W126-A126 -> 32 | AB126: =IF(AND(F126="Closed",W126>=DATE(2025,12,1),W126<=DATE(2025,12,31)),"Closed in Dec","Other") -> Closed in Dec
A127: 45974 | B127: 2025 | C127: Blupine Jakson Green | D127: Utility and C&I | E127: Blupine Energy | F127: Closed | G127: Deepak Kumar Behera | H127: 7854906514 | J127: Low voc/Zero Amp/JB Damage module | K127: Mungeli | L127: Chhattisgarh | M127: Cold Soldering | N127: 585 | O127: NSMI24090508211 | P127: =MID(O127,5,2) -> 24 | Q127: =MID(O127,7,2) -> 09 | R127: G2G | S127: P4 - PEIPL | T127: JB Issue | U127: All JB Soldering | V127: Repair | W127: 46006 | X127: =W127-A127 -> 32 | AB127: =IF(AND(F127="Closed",W127>=DATE(2025,12,1),W127<=DATE(2025,12,31)),"Closed in Dec","Other") -> Closed in Dec
A128: 45974 | B128: 2025 | C128: Blupine Jakson Green | D128: Utility and C&I | E128: Blupine Energy | F128: Closed | G128: Deepak Kumar Behera | H128: 7854906515 | J128: Low voc/Zero Amp/JB Damage module | K128: Mungeli | L128: Chhattisgarh | M128: Cold Soldering | N128: 585 | O128: NSMI24090424238 | P128: =MID(O128,5,2) -> 24 | Q128: =MID(O128,7,2) -> 09 | R128: G2G | S128: P4 - PEIPL | T128: JB Issue | U128: P JB Soldering | V128: Repair | W128: 46006 | X128: =W128-A128 -> 32 | AB128: =IF(AND(F128="Closed",W128>=DATE(2025,12,1),W128<=DATE(2025,12,31)),"Closed in Dec","Other") -> Closed in Dec
A129: 45974 | B129: 2025 | C129: Blupine Jakson Green | D129: Utility and C&I | E129: Blupine Energy | F129: Closed | G129: Deepak Kumar Behera | H129: 7854906516 | J129: Low voc/Zero Amp/JB Damage module | K129: Mungeli | L129: Chhattisgarh | M129: JB Issue | N129: 585 | O129: NSMI24090402278 | P129: =MID(O129,5,2) -> 24 | Q129: =MID(O129,7,2) -> 09 | R129: G2G | S129: P4 - PEIPL | T129: JB Issue | U129: All Jb Changed | V129: Repair | W129: 46006 | X129: =W129-A129 -> 32 | AB129: =IF(AND(F129="Closed",W129>=DATE(2025,12,1),W129<=DATE(2025,12,31)),"Closed in Dec","Other") -> Closed in Dec
... A184: 45992 | B184: 2025 | C184: Arsiga Solar | D184: Channel Sales | E184: Arsiga Solar Pvt Ltd | F184: Closed | G184: Rakhi | H184: 7459871056 | J184: Low Generation | K184: Lucknow | L184: Uttar Pradesh | M184: JB Issue | N184: 540 | O184: NSMP24122288023 | P184: =MID(O184,5,2) -> 24 | Q184: =MID(O184,7,2) -> 12 | R184: G2TB | S184: P2 - PEPPL | T184: JB Issue | U184: All Jb Changed | V184: Repair | W184: 46013 | X184: =W184-A184 -> 21 | AB184: =IF(AND(F184="Closed",W184>=DATE(2025,12,1),W184<=DATE(2025,12,31)),"Closed in Dec","Other") -> Closed in Dec
A185: 45994 | B185: 2025 | C185: Solar Square | D185: Channel Sales | F185: Closed | G185: Murali | H185: 9703345015 | J185: Low VOC | K185: Kanpur | L185: Uttar Pradesh | M185: Cold Soldering | N185: 540 | O185: NSMP25060457632 | P185: =MID(O185,5,2) -> 25 | Q185: =MID(O185,7,2) -> 06 | R185: G2TB | S185: P2 - PEPPL | T185: JB Issue | U185: M JB Soldering | V185: Repair | W185: 46014 | X185: =W185-A185 -> 20 | AB185: =IF(AND(F185="Closed",W185>=DATE(2025,12,1),W185<=DATE(2025,12,31)),"Closed in Dec","Other") -> Closed in Dec
A186: 45994 | B186: 2025 | C186: Solar Square | D186: Channel Sales | F186: Closed | G186: Murali | H186: 9703345015 | J186: Low VOC | K186: Kanpur | L186: Uttar Pradesh | M186: JB Issue | N186: 540 | O186: NSMP25060457641 | P186: =MID(O186,5,2) -> 25 | Q186: =MID(O186,7,2) -> 06 | R186: G2TB | S186: P2 - PEPPL | T186: JB Issue | U186: All Jb Changed | V186: Repair | W186: 46014 | X186: =W186-A186 -> 20 | AB186: =IF(AND(F186="Closed",W186>=DATE(2025,12,1),W186<=DATE(2025,12,31)),"Closed in Dec","Other") -> Closed in Dec
A187: 45994 | B187: 2025 | C187: Solar Square | D187: Channel Sales | F187: Closed | G187: Murali | H187: 9703345015 | J187: Low VOC | K187: Kanpur | L187: Uttar Pradesh | M187: Cold Soldering | N187: 540 | O187: NSMP25060457497 | P187: =MID(O187,5,2) -> 25 | Q187: =MID(O187,7,2) -> 06 | R187: G2TB | S187: P2 - PEPPL | T187: JB Issue | U187: P & M JB Soldering | V187: Repair | W187: 46014 | X187: =W187-A187 -> 20 | AB187: =IF(AND(F187="Closed",W187>=DATE(2025,12,1),W187<=DATE(2025,12,31)),"Closed in Dec","Other") -> Closed in Dec
A188: 45994 | B188: 2025 | C188: Solar Square | D188: Channel Sales | F188: Closed | G188: Murali | H188: 9703345015 | J188: Low VOC | K188: Kanpur | L188: Uttar Pradesh | M188: JB Issue | N188: 540 | O188: NSMP25060457651 | P188: =MID(O188,5,2) -> 25 | Q188: =MID(O188,7,2) -> 06 | R188: G2TB | S188: P2 - PEPPL | T188: JB Issue | U188: N JB Changed | V188: Repair | W188: 46014 | X188: =W188-A188 -> 20 | AB188: =IF(AND(F188="Closed",W188>=DATE(2025,12,1),W188<=DATE(2025,12,31)),"Closed in Dec","Other") -> Closed in Dec
A189: 45994 | B189: 2025 | C189: Solar Square | D189: Channel Sales | F189: Closed | G189: Murali | H189: 9703345015 | J189: Low VOC | K189: Kanpur | L189: Uttar Pradesh | M189: Cold Soldering | N189: 540 | O189: NSMP25060457652 | P189: =MID(O189,5,2) -> 25 | Q189: =MID(O189,7,2) -> 06 | R189: G2TB | S189: P2 - PEPPL | T189: JB Issue | U189: P & M JB Soldering | V189: Repair | W189: 46014 | X189: =W189-A189 -> 20 | AB189: =IF(AND(F189="Closed",W189>=DATE(2025,12,1),W189<=DATE(2025,12,31)),"Closed in Dec","Other") -> Closed in Dec
A190: 45994 | B190: 2025 | C190: Solar Square | D190: Channel Sales | F190: Closed | G190: Murali | H190: 9703345015 | J190: Low VOC | K190: Kanpur | L190: Uttar Pradesh | M190: JB Issue | N190: 540 | O190: NSMP25090818543 | P190: =MID(O190,5,2) -> 25 | Q190: =MID(O190,7,2) -> 09 | R190: G2TB | S190: P2 - PEPPL | T190: JB Issue | U190: N JB Changed | V190: Repair | W190: 46014 | X190: =W190-A190 -> 20 | AB190: =IF(AND(F190="Closed",W190>=DATE(2025,12,1),W190<=DATE(2025,12,31)),"Closed in Dec","Other") -> Closed in Dec
A191: 45994 | B191: 2025 | C191: True Sun Trading Company | D191: Channel Sales | F191: Closed | G191: Joel Jacob | H191: 7902222180 | I191: w-122 | J191: Low VOC | K191: Kizhakenmuthoor | L191: Kerala | M191: Cold Soldering | N191: 515 | O191: NSMP2303564655 | P191: =MID(O191,5,2) -> 23 | Q191: =MID(O191,7,2) -> 03 | R191: G2B | S191: P2 - PEPPL | T191: JB Issue | U191: All JB Soldering | V191: Repair | W191: 46001 | X191: =W191-A191 -> 7 | AB191: =IF(AND(F191="Closed",W191>=DATE(2025,12,1),W191<=DATE(2025,12,31)),"Closed in Dec","Other") -> Closed in Dec
A192: 46015 | B192: 2025 | C192: Shakti Pump | D192: Solar Pump | F192: Closed | G192: Rajasthan Service - Shakti Pump | J192: Panel burnt | K192: Jaipur | L192: Rajasthan | M192: Improper ribbon soldering | N192: 340 | O192: NSM221126972 | P192: =MID(O192,5,2) -> 21 | Q192: =MID(O192,7,2) -> 12 | R192: G2B | S192: P1 - PEL | T192: Improper ribbon/tab lead soldering | U192: Replacement | V192: Replacement | W192: 46015 | X192: =W192-A192 -> 0 | AB192: =IF(AND(F192="Closed",W192>=DATE(2025,12,1),W192<=DATE(2025,12,31)),"Closed in Dec","Other") -> Closed in Dec
A193: 45988 | B193: 2025 | C193: Blupine Energy | D193: Utility and C&I | E193: Blupine Energy | F193: Closed | G193: Sharad Gangwar | H193: 8909173473 | J193: Diode Issue | K193: Bhopalgarh | L193: Rajasthan | M193: No Issue | N193: 610 | O193: NSMG25050031516 | P193: =MID(O193,5,2) -> 25 | Q193: =MID(O193,7,2) -> 05 | R193: G2G | S193: P5 - PEGPL | T193: No Issue | U193: Found OK | V193: Repair | W193: 45999 | X193: =W193-A193 -> 11 | AB193: =IF(AND(F193="Closed",W193>=DATE(2025,12,1),W193<=DATE(2025,12,31)),"Closed in Dec","Other") -> Closed in Dec
A194: 45988 | B194: 2025 | C194: Blupine Energy | D194: Utility and C&I | E194: Blupine Energy | F194: Closed | G194: Sharad Gangwar | H194: 8909173473 | J194: Diode Issue | K194: Bhopalgarh | L194: Rajasthan | M194: No Issue | N194: 610 | O194: NSMG25050029645 | P194: =MID(O194,5,2) -> 25 | Q194: =MID(O194,7,2) -> 05 | R194: G2G | S194: P5 - PEGPL | T194: No Issue | U194: Found OK | V194: Repair | W194: 45999 | X194: =W194-A194 -> 11 | AB194: =IF(AND(F194="Closed",W194>=DATE(2025,12,1),W194<=DATE(2025,12,31)),"Closed in Dec","Other") -> Closed in Dec
A195: 45988 | B195: 2025 | C195: Blupine Energy | D195: Utility and C&I | E195: Blupine Energy | F195: Closed | G195: Sharad Gangwar | H195: 8909173473 | J195: Diode Issue | K195: Bhopalgarh | L195: Rajasthan | M195: JB Issue | N195: 610 | O195: NSMG25050084260 | P195: =MID(O195,5,2) -> 25 | Q195: =MID(O195,7,2) -> 05 | R195: G2G | S195: P5 - PEGPL | T195: JB Issue | U195: P JB Changed | V195: Repair | W195: 45999 | X195: =W195-A195 -> 11 | AB195: =IF(AND(F195="Closed",W195>=DATE(2025,12,1),W195<=DATE(2025,12,31)),"Closed in Dec","Other") -> Closed in Dec
A196: 45988 | B196: 2025 | C196: Blupine Energy | D196: Utility and C&I | E196: Blupine Energy | F196: Closed | G196: Sharad Gangwar | H196: 8909173473 | J196: Diode Issue | K196: Bhopalgarh | L196: Rajasthan | M196: JB Issue | N196: 610 | O196: NSMG25060156054 | P196: =MID(O196,5,2) -> 25 | Q196: =MID(O196,7,2) -> 06 | R196: G2G | S196: P5 - PEGPL | T196: JB Issue | U196: P JB Changed | V196: Repair | W196: 45999 | X196: =W196-A196 -> 11 | AB196: =IF(AND(F196="Closed",W196>=DATE(2025,12,1),W196<=DATE(2025,12,31)),"Closed in Dec","Other") -> Closed in Dec
A197: 45988 | B197: 2025 | C197: Blupine Energy | D197: Utility and C&I | E197: Blupine Energy | F197: Closed | G197: Sharad Gangwar | H197: 8909173473 | J197: Diode Issue | K197: Bhopalgarh | L197: Rajasthan | M197: JB Issue | N197: 610 | O197: NSMG25060144470 | P197: =MID(O197,5,2) -> 25 | Q197: =MID(O197,7,2) -> 06 | R197: G2G | S197: P5 - PEGPL | T197: JB Issue | U197: N JB Changed | V197: Repair | W197: 45999 | X197: =W197-A197 -> 11 | AB197: =IF(AND(F197="Closed",W197>=DATE(2025,12,1),W197<=DATE(2025,12,31)),"Closed in Dec","Other") -> Closed in Dec
A198: 45988 | B198: 2025 | C198: Blupine Energy | D198: Utility and C&I | E198: Blupine Energy | F198: Closed | G198: Sharad Gangwar | H198: 8909173473 | J198: Diode Issue | K198: Bhopalgarh | L198: Rajasthan | M198: JB Issue | N198: 610 | O198: NSMG25060114742 | P198: =MID(O198,5,2) -> 25 | Q198: =MID(O198,7,2) -> 06 | R198: G2G | S198: P5 - PEGPL | T198: JB Issue | U198: N JB Changed | V198: Repair | W198: 45999 | X198: =W198-A198 -> 11 | AB198: =IF(AND(F198="Closed",W198>=DATE(2025,12,1),W198<=DATE(2025,12,31)),"Closed in Dec","Other") -> Closed in Dec
A199: 45988 | B199: 2025 | C199: Blupine Energy | D199: Utility and C&I | E199: Blupine Energy | F199: Closed | G199: Sharad Gangwar | H199: 8909173473 | J199: Diode Issue | K199: Bhopalgarh | L199: Rajasthan | M199: JB Issue | N199: 610 | O199: NSMG25050082830 | P199: =MID(O199,5,2) -> 25 | Q199: =MID(O199,7,2) -> 05 | R199: G2G | S199: P5 - PEGPL | T199: JB Issue | U199: N JB Changed | V199: Repair | W199: 45999 | X199: =W199-A199 -> 11 | AB199: =IF(AND(F199="Closed",W199>=DATE(2025,12,1),W199<=DATE(2025,12,31)),"Closed in Dec","Other") -> Closed in Dec
A200: 45988 | B200: 2025 | C200: Blupine Energy | D200: Utility and C&I | E200: Blupine Energy | F200: Closed | G200: Sharad Gangwar | H200: 8909173473 | J200: Diode Issue | K200: Bhopalgarh | L200: Rajasthan | M200: JB Issue | N200: 610 | O200: NSMG25080317225 | P200: =MID(O200,5,2) -> 25 | Q200: =MID(O200,7,2) -> 08 | R200: G2G | S200: P5 - PEGPL | T200: JB Issue | U200: N JB Changed | V200: Repair | W200: 45999 | X200: =W200-A200 -> 11 | AB200: =IF(AND(F200="Closed",W200>=DATE(2025,12,1),W200<=DATE(2025,12,31)),"Closed in Dec","Other") -> Closed in Dec
A201: 45988 | B201: 2025 | C201: Blupine Energy | D201: Utility and C&I | E201: Blupine Energy | F201: Closed | G201: Sharad Gangwar | H201: 8909173473 | J201: Diode Issue | K201: Bhopalgarh | L201: Rajasthan | M201: JB Issue | N201: 610 | O201: NSMG25070296461 | P201: =MID(O201,5,2) -> 25 | Q201: =MID(O201,7,2) -> 07 | R201: G2G | S201: P5 - PEGPL | T201: JB Issue | U201: P JB Changed | V201: Repair | W201: 45999 | X201: =W201-A201 -> 11 | AB201: =IF(AND(F201="Closed",W201>=DATE(2025,12,1),W201<=DATE(2025,12,31)),"Closed in Dec","Other") -> Closed in Dec
A202: 45988 | B202: 2025 | C202: Blupine Energy | D202: Utility and C&I | E202: Blupine Energy | F202: Closed | G202: Sharad Gangwar | H202: 8909173473 | J202: Diode Issue | K202: Bhopalgarh | L202: Rajasthan | M202: Cold Soldering | N202: 610 | O202: NSMG25070241875 | P202: =MID(O202,5,2) -> 25 | Q202: =MID(O202,7,2) -> 07 | R202: G2G | S202: P5 - PEGPL | T202: JB Issue | U202: N JB Soldering | V202: Repair | W202: 46001 | X202: =W202-A202 -> 13 | AB202: =IF(AND(F202="Closed",W202>=DATE(2025,12,1),W202<=DATE(2025,12,31)),"Closed in Dec","Other") -> Closed in Dec
A203: 45988 | B203: 2025 | C203: Blupine Energy | D203: Utility and C&I | E203: Blupine Energy | F203: Closed | G203: Sharad Gangwar | H203: 8909173473 | J203: Diode Issue | K203: Bhopalgarh | L203: Rajasthan | M203: Cold Soldering | N203: 610 | O203: NSMG25070259243 | P203: =MID(O203,5,2) -> 25 | Q203: =MID(O203,7,2) -> 07 | R203: G2G | S203: P5 - PEGPL | T203: JB Issue | U203: N JB Soldering | V203: Repair | W203: 46001 | X203: =W203-A203 -> 13 | AB203: =IF(AND(F203="Closed",W203>=DATE(2025,12,1),W203<=DATE(2025,12,31)),"Closed in Dec","Other") -> Closed in Dec
A204: 45988 | B204: 2025 | C204: Blupine Energy | D204: Utility and C&I | E204: Blupine Energy | F204: Closed | G204: Sharad Gangwar | H204: 8909173473 | J204: Diode Issue | K204: Bhopalgarh | L204: Rajasthan | M204: Cold Soldering | N204: 610 | O204: NSMG25070262754 | P204: =MID(O204,5,2) -> 25 | Q204: =MID(O204,7,2) -> 07 | R204: G2G | S204: P5 - PEGPL | T204: JB Issue | U204: N JB Soldering | V204: Repair | W204: 46001 | X204: =W204-A204 -> 13 | AB204: =IF(AND(F204="Closed",W204>=DATE(2025,12,1),W204<=DATE(2025,12,31)),"Closed in Dec","Other") -> Closed in Dec
... A279: 45988 | B279: 2025 | C279: Blupine Energy | D279: Utility and C&I | E279: Blupine Energy | F279: Closed | G279: Sharad Gangwar | H279: 8909173473 | J279: Diode Issue | K279: Bhopalgarh | L279: Rajasthan | M279: Cold Soldering | N279: 610 | O279: NSMG25050074514 | P279: =MID(O279,5,2) -> 25 | Q279: =MID(O279,7,2) -> 05 | R279: G2G | S279: P5 - PEGPL | T279: JB Issue | U279: N JB Soldering | V279: Repair | W279: 46006 | X279: =W279-A279 -> 18 | AB279: =IF(AND(F279="Closed",W279>=DATE(2025,12,1),W279<=DATE(2025,12,31)),"Closed in Dec","Other") -> Closed in Dec
A280: 46006 | B280: 2025 | C280: ORB Energy | D280: Channel Sales | F280: Closed | G280: Madan Kumar | H280: 9900092186 | J280: Flux mark on the PV module | K280: Yeshawanthapura, Bengaluru | L280: Karnataka | M280: Oil Marks on the module | N280: 540 | O280: NSMP25111101239 | P280: =MID(O280,5,2) -> 25 | Q280: =MID(O280,7,2) -> 11 | R280: G2TB | S280: P2 - PEPPL | T280: These markings will not have any impact on generation or production. | U280: Rejected | V280: Rejected | W280: 46007 | X280: =W280-A280 -> 1 | AB280: =IF(AND(F280="Closed",W280>=DATE(2025,12,1),W280<=DATE(2025,12,31)),"Closed in Dec","Other") -> Closed in Dec
A281: 45992 | B281: 2025 | C281: Axitec Energy | D281: OEM | F281: Closed | G281: Dushyant Kumar | H281: 9773989342 | J281: Low Voc | K281: Ernakulam | L281: Kerala | M281: Not related to Premier Complaints | N281: N/A | O281: 26230223C3032207 | P281: =MID(O281,7,2) -> 23 | Q281: =MID(O281,5,2) -> 02 | R281: N/A | S281: N/A | T281: Not related to Premier Complaints | U281: Not related to Premier Complaints | V281: Rejected | W281: 45992 | X281: =W281-A281 -> 0 | AB281: =IF(AND(F281="Closed",W281>=DATE(2025,12,1),W281<=DATE(2025,12,31)),"Closed in Dec","Other") -> Closed in Dec
A282: 45989 | B282: 2025 | C282: Axitec Energy | D282: Channel Sales | F282: Closed | G282: Dushyant Kumar | H282: 8826633540 | J282: Glass Discoloration | K282: Rajagirivalley Kakkanad | L282: Kerala | M282: No Issue | N282: 545 | O282: 26240831016940 | P282: 24 | Q282: 8 | R282: G2B | S282: P2 - PEPPL | T282: During site visit the Glass Discoloration was not visible | U282: Reported to Client | V282: Rejected | W282: 46001 | X282: =W282-A282 -> 12 | AB282: =IF(AND(F282="Closed",W282>=DATE(2025,12,1),W282<=DATE(2025,12,31)),"Closed in Dec","Other") -> Closed in Dec
A283: 45989 | B283: 2025 | C283: Axitec Energy | D283: Channel Sales | F283: Closed | G283: Dushyant Kumar | H283: 8826633540 | J283: Glass Discoloration | K283: Rajagirivalley Kakkanad | L283: Kerala | M283: No Issue | N283: 545 | O283: 26240831013416 | P283: 24 | Q283: 8 | R283: G2B | S283: P2 - PEPPL | T283: During site visit the Glass Discoloration was not visible | U283: Reported to Client | V283: Rejected | W283: 46001 | X283: =W283-A283 -> 12 | AB283: =IF(AND(F283="Closed",W283>=DATE(2025,12,1),W283<=DATE(2025,12,31)),"Closed in Dec","Other") -> Closed in Dec
A284: 45989 | B284: 2025 | C284: Axitec Energy | D284: Channel Sales | F284: Closed | G284: Dushyant Kumar | H284: 8826633540 | J284: Glass Discoloration | K284: Rajagirivalley Kakkanad | L284: Kerala | M284: No Issue | N284: 545 | O284: 26240831015578 | P284: 24 | Q284: 8 | R284: G2B | S284: P2 - PEPPL | T284: During site visit the Glass Discoloration was not visible | U284: Reported to Client | V284: Rejected | W284: 46001 | X284: =W284-A284 -> 12 | AB284: =IF(AND(F284="Closed",W284>=DATE(2025,12,1),W284<=DATE(2025,12,31)),"Closed in Dec","Other") -> Closed in Dec
A285: 45989 | B285: 2025 | C285: Axitec Energy | D285: Channel Sales | F285: Closed | G285: Dushyant Kumar | H285: 8826633540 | J285: Glass Discoloration | K285: Rajagirivalley Kakkanad | L285: Kerala | M285: No Issue | N285: 545 | O285: 26240831013423 | P285: 24 | Q285: 8 | R285: G2B | S285: P2 - PEPPL | T285: During site visit the Glass Discoloration was not visible | U285: Reported to Client | V285: Rejected | W285: 46001 | X285: =W285-A285 -> 12 | AB285: =IF(AND(F285="Closed",W285>=DATE(2025,12,1),W285<=DATE(2025,12,31)),"Closed in Dec","Other") -> Closed in Dec
A286: 45989 | B286: 2025 | C286: Axitec Energy | D286: Channel Sales | F286: Closed | G286: Dushyant Kumar | H286: 8826633540 | J286: Glass Discoloration | K286: Rajagirivalley Kakkanad | L286: Kerala | M286: No Issue | N286: 545 | O286: 26240831015183 | P286: 24 | Q286: 8 | R286: G2B | S286: P2 - PEPPL | T286: During site visit the Glass Discoloration was not visible | U286: Reported to Client | V286: Rejected | W286: 46001 | X286: =W286-A286 -> 12 | AB286: =IF(AND(F286="Closed",W286>=DATE(2025,12,1),W286<=DATE(2025,12,31)),"Closed in Dec","Other") -> Closed in Dec
A287: 45989 | B287: 2025 | C287: Axitec Energy | D287: Channel Sales | F287: Closed | G287: Dushyant Kumar | H287: 8826633540 | J287: Glass Discoloration | K287: Rajagirivalley Kakkanad | L287: Kerala | M287: No Issue | N287: 545 | O287: 26240831017117 | P287: 24 | Q287: 8 | R287: G2B | S287: P2 - PEPPL | T287: During site visit the Glass Discoloration was not visible | U287: Reported to Client | V287: Rejected | W287: 46001 | X287: =W287-A287 -> 12 | AB287: =IF(AND(F287="Closed",W287>=DATE(2025,12,1),W287<=DATE(2025,12,31)),"Closed in Dec","Other") -> Closed in Dec
A288: 45989 | B288: 2025 | C288: Axitec Energy | D288: Channel Sales | F288: Closed | G288: Dushyant Kumar | H288: 8826633540 | J288: Glass Discoloration | K288: Rajagirivalley Kakkanad | L288: Kerala | M288: No Issue | N288: 545 | O288: 26240831017089 | P288: 24 | Q288: 8 | R288: G2B | S288: P2 - PEPPL | T288: During site visit the Glass Discoloration was not visible | U288: Reported to Client | V288: Rejected | W288: 46001 | X288: =W288-A288 -> 12 | AB288: =IF(AND(F288="Closed",W288>=DATE(2025,12,1),W288<=DATE(2025,12,31)),"Closed in Dec","Other") -> Closed in Dec
A289: 45989 | B289: 2025 | C289: Axitec Energy | D289: Channel Sales | F289: Closed | G289: Dushyant Kumar | H289: 8826633540 | J289: Glass Discoloration | K289: Rajagirivalley Kakkanad | L289: Kerala | M289: No Issue | N289: 545 | O289: 26240831017090 | P289: 24 | Q289: 8 | R289: G2B | S289: P2 - PEPPL | T289: During site visit the Glass Discoloration was not visible | U289: Reported to Client | V289: Rejected | W289: 46001 | X289: =W289-A289 -> 12 | AB289: =IF(AND(F289="Closed",W289>=DATE(2025,12,1),W289<=DATE(2025,12,31)),"Closed in Dec","Other") -> Closed in Dec
A290: 45989 | B290: 2025 | C290: Axitec Energy | D290: Channel Sales | F290: Closed | G290: Dushyant Kumar | H290: 8826633540 | J290: Glass Discoloration | K290: Rajagirivalley Kakkanad | L290: Kerala | M290: No Issue | N290: 545 | O290: 26240831017096 | P290: 24 | Q290: 8 | R290: G2B | S290: P2 - PEPPL | T290: During site visit the Glass Discoloration was not visible | U290: Reported to Client | V290: Rejected | W290: 46001 | X290: =W290-A290 -> 12 | AB290: =IF(AND(F290="Closed",W290>=DATE(2025,12,1),W290<=DATE(2025,12,31)),"Closed in Dec","Other") -> Closed in Dec
A291: 45989 | B291: 2025 | C291: Axitec Energy | D291: Channel Sales | F291: Closed | G291: Dushyant Kumar | H291: 8826633540 | J291: Glass Discoloration | K291: Rajagirivalley Kakkanad | L291: Kerala | M291: No Issue | N291: 545 | O291: 26240831017093 | P291: 24 | Q291: 8 | R291: G2B | S291: P2 - PEPPL | T291: During site visit the Glass Discoloration was not visible | U291: Reported to Client | V291: Rejected | W291: 46001 | X291: =W291-A291 -> 12 | AB291: =IF(AND(F291="Closed",W291>=DATE(2025,12,1),W291<=DATE(2025,12,31)),"Closed in Dec","Other") -> Closed in Dec
A292: 45989 | B292: 2025 | C292: Axitec Energy | D292: Channel Sales | F292: Closed | G292: Dushyant Kumar | H292: 8826633540 | J292: Glass Discoloration | K292: Rajagirivalley Kakkanad | L292: Kerala | M292: No Issue | N292: 545 | O292: 26240831016903 | P292: 24 | Q292: 8 | R292: G2B | S292: P2 - PEPPL | T292: During site visit the Glass Discoloration was not visible | U292: Reported to Client | V292: Rejected | W292: 46001 | X292: =W292-A292 -> 12 | AB292: =IF(AND(F292="Closed",W292>=DATE(2025,12,1),W292<=DATE(2025,12,31)),"Closed in Dec","Other") -> Closed in Dec
A293: 45989 | B293: 2025 | C293: Axitec Energy | D293: Channel Sales | F293: Closed | G293: Dushyant Kumar | H293: 8826633540 | J293: Glass Discoloration | K293: Rajagirivalley Kakkanad | L293: Kerala | M293: No Issue | N293: 545 | O293: 26240831013425 | P293: 24 | Q293: 8 | R293: G2B | S293: P2 - PEPPL | T293: During site visit the Glass Discoloration was not visible | U293: Reported to Client | V293: Rejected | W293: 46001 | X293: =W293-A293 -> 12 | AB293: =IF(AND(F293="Closed",W293>=DATE(2025,12,1),W293<=DATE(2025,12,31)),"Closed in Dec","Other") -> Closed in Dec
... A300: 45989 | B300: 2025 | C300: Axitec Energy | D300: Channel Sales | F300: Closed | G300: Dushyant Kumar | H300: 8826633540 | J300: Glass Discoloration | K300: Rajagirivalley Kakkanad | L300: Kerala | M300: No Issue | N300: 545 | O300: 26240831016765 | P300: 24 | Q300: 8 | R300: G2B | S300: P2 - PEPPL | T300: During site visit the Glass Discoloration was not visible | U300: Reported to Client | V300: Rejected | W300: 46001 | X300: =W300-A300 -> 12 | AB300: =IF(AND(F300="Closed",W300>=DATE(2025,12,1),W300<=DATE(2025,12,31)),"Closed in Dec","Other") -> Closed in Dec
A301: 45988 | B301: 2025 | C301: Blupine Energy | D301: Utility and C&I | E301: Blupine Energy | F301: Closed | G301: Sharad Gangwar | H301: 8909173473 | J301: Diode Issue | K301: Bhopalgarh | L301: Rajasthan | M301: JB Issue | N301: 610 | O301: NSMG25060120631 | P301: =MID(O301,5,2) -> 25 | Q301: =MID(O301,7,2) -> 06 | R301: G2G | S301: P5 - PEGPL | T301: JB Issue | U301: N JB Changed | V301: Repair | W301: 46007 | X301: =W301-A301 -> 19 | AB301: =IF(AND(F301="Closed",W301>=DATE(2025,12,1),W301<=DATE(2025,12,31)),"Closed in Dec","Other") -> Closed in Dec
A302: 45988 | B302: 2025 | C302: Blupine Energy | D302: Utility and C&I | E302: Blupine Energy | F302: Closed | G302: Sharad Gangwar | H302: 8909173473 | J302: Diode Issue | K302: Bhopalgarh | L302: Rajasthan | M302: Cold Soldering | N302: 610 | O302: NSMG25050091797 | P302: =MID(O302,5,2) -> 25 | Q302: =MID(O302,7,2) -> 05 | R302: G2G | S302: P5 - PEGPL | T302: JB Issue | U302: N JB Soldering | V302: Repair | W302: 46007 | X302: =W302-A302 -> 19 | AB302: =IF(AND(F302="Closed",W302>=DATE(2025,12,1),W302<=DATE(2025,12,31)),"Closed in Dec","Other") -> Closed in Dec
A303: 45988 | B303: 2025 | C303: Blupine Energy | D303: Utility and C&I | E303: Blupine Energy | F303: Closed | G303: Sharad Gangwar | H303: 8909173473 | J303: Diode Issue | K303: Bhopalgarh | L303: Rajasthan | M303: Cold Soldering | N303: 610 | O303: NSMG25060193480 | P303: =MID(O303,5,2) -> 25 | Q303: =MID(O303,7,2) -> 06 | R303: G2G | S303: P5 - PEGPL | T303: JB Issue | U303: P JB Soldering | V303: Repair | W303: 46007 | X303: =W303-A303 -> 19 | AB303: =IF(AND(F303="Closed",W303>=DATE(2025,12,1),W303<=DATE(2025,12,31)),"Closed in Dec","Other") -> Closed in Dec
A304: 45988 | B304: 2025 | C304: Blupine Energy | D304: Utility and C&I | E304: Blupine Energy | F304: Closed | G304: Sharad Gangwar | H304: 8909173473 | J304: Diode Issue | K304: Bhopalgarh | L304: Rajasthan | M304: Cold Soldering | N304: 610 | O304: NSMG25070228996 | P304: =MID(O304,5,2) -> 25 | Q304: =MID(O304,7,2) -> 07 | R304: G2G | S304: P5 - PEGPL | T304: JB Issue | U304: P JB Soldering | V304: Repair | W304: 46007 | X304: =W304-A304 -> 19 | AB304: =IF(AND(F304="Closed",W304>=DATE(2025,12,1),W304<=DATE(2025,12,31)),"Closed in Dec","Other") -> Closed in Dec
A305: 45988 | B305: 2025 | C305: Blupine Energy | D305: Utility and C&I | E305: Blupine Energy | F305: Closed | G305: Sharad Gangwar | H305: 8909173473 | J305: Diode Issue | K305: Bhopalgarh | L305: Rajasthan | M305: Cold Soldering | N305: 610 | O305: NSMG25050035223 | P305: =MID(O305,5,2) -> 25 | Q305: =MID(O305,7,2) -> 05 | R305: G2G | S305: P5 - PEGPL | T305: JB Issue | U305: P JB Soldering | V305: Repair | W305: 46007 | X305: =W305-A305 -> 19 | AB305: =IF(AND(F305="Closed",W305>=DATE(2025,12,1),W305<=DATE(2025,12,31)),"Closed in Dec","Other") -> Closed in Dec
A306: 45988 | B306: 2025 | C306: Blupine Energy | D306: Utility and C&I | E306: Blupine Energy | F306: Closed | G306: Sharad Gangwar | H306: 8909173473 | J306: Diode Issue | K306: Bhopalgarh | L306: Rajasthan | M306: JB Issue | N306: 610 | O306: NSMG25060159751 | P306: =MID(O306,5,2) -> 25 | Q306: =MID(O306,7,2) -> 06 | R306: G2G | S306: P5 - PEGPL | T306: JB Issue | U306: N JB Changed | V306: Repair | W306: 46007 | X306: =W306-A306 -> 19 | AB306: =IF(AND(F306="Closed",W306>=DATE(2025,12,1),W306<=DATE(2025,12,31)),"Closed in Dec","Other") -> Closed in Dec
A307: 45988 | B307: 2025 | C307: Blupine Energy | D307: Utility and C&I | E307: Blupine Energy | F307: Closed | G307: Sharad Gangwar | H307: 8909173473 | J307: Diode Issue | K307: Bhopalgarh | L307: Rajasthan | M307: Cold Soldering | N307: 610 | O307: NSMG25060159841 | P307: =MID(O307,5,2) -> 25 | Q307: =MID(O307,7,2) -> 06 | R307: G2G | S307: P5 - PEGPL | T307: JB Issue | U307: N JB Soldering | V307: Repair | W307: 46007 | X307: =W307-A307 -> 19 | AB307: =IF(AND(F307="Closed",W307>=DATE(2025,12,1),W307<=DATE(2025,12,31)),"Closed in Dec","Other") -> Closed in Dec
A308: 45988 | B308: 2025 | C308: Blupine Energy | D308: Utility and C&I | E308: Blupine Energy | F308: Closed | G308: Sharad Gangwar | H308: 8909173473 | J308: Diode Issue | K308: Bhopalgarh | L308: Rajasthan | M308: Cold Soldering | N308: 610 | O308: NSMG25060148095 | P308: =MID(O308,5,2) -> 25 | Q308: =MID(O308,7,2) -> 06 | R308: G2G | S308: P5 - PEGPL | T308: JB Issue | U308: N JB Soldering | V308: Repair | W308: 46007 | X308: =W308-A308 -> 19 | AB308: =IF(AND(F308="Closed",W308>=DATE(2025,12,1),W308<=DATE(2025,12,31)),"Closed in Dec","Other") -> Closed in Dec
A309: 45988 | B309: 2025 | C309: Blupine Energy | D309: Utility and C&I | E309: Blupine Energy | F309: Closed | G309: Sharad Gangwar | H309: 8909173473 | J309: Diode Issue | K309: Bhopalgarh | L309: Rajasthan | M309: JB Issue | N309: 610 | O309: NSMG25050072317 | P309: =MID(O309,5,2) -> 25 | Q309: =MID(O309,7,2) -> 05 | R309: G2G | S309: P5 - PEGPL | T309: JB Issue | U309: N JB Changed | V309: Repair | W309: 46007 | X309: =W309-A309 -> 19 | AB309: =IF(AND(F309="Closed",W309>=DATE(2025,12,1),W309<=DATE(2025,12,31)),"Closed in Dec","Other") -> Closed in Dec
A310: 45988 | B310: 2025 | C310: Blupine Energy | D310: Utility and C&I | E310: Blupine Energy | F310: Closed | G310: Sharad Gangwar | H310: 8909173473 | J310: Diode Issue | K310: Bhopalgarh | L310: Rajasthan | M310: JB Issue | N310: 610 | O310: NSMG25050074518 | P310: =MID(O310,5,2) -> 25 | Q310: =MID(O310,7,2) -> 05 | R310: G2G | S310: P5 - PEGPL | T310: JB Issue | U310: N JB Changed | V310: Repair | W310: 46007 | X310: =W310-A310 -> 19 | AB310: =IF(AND(F310="Closed",W310>=DATE(2025,12,1),W310<=DATE(2025,12,31)),"Closed in Dec","Other") -> Closed in Dec
A311: 45988 | B311: 2025 | C311: Blupine Energy | D311: Utility and C&I | E311: Blupine Energy | F311: Closed | G311: Sharad Gangwar | H311: 8909173473 | J311: Diode Issue | K311: Bhopalgarh | L311: Rajasthan | M311: Cold Soldering | N311: 610 | O311: NSMG25050081192 | P311: =MID(O311,5,2) -> 25 | Q311: =MID(O311,7,2) -> 05 | R311: G2G | S311: P5 - PEGPL | T311: JB Issue | U311: N JB Soldering | V311: Repair | W311: 46007 | X311: =W311-A311 -> 19 | AB311: =IF(AND(F311="Closed",W311>=DATE(2025,12,1),W311<=DATE(2025,12,31)),"Closed in Dec","Other") -> Closed in Dec
A312: 45988 | B312: 2025 | C312: Blupine Energy | D312: Utility and C&I | E312: Blupine Energy | F312: Closed | G312: Sharad Gangwar | H312: 8909173473 | J312: Diode Issue | K312: Bhopalgarh | L312: Rajasthan | M312: Cold Soldering | N312: 610 | O312: NSMG25050088469 | P312: =MID(O312,5,2) -> 25 | Q312: =MID(O312,7,2) -> 05 | R312: G2G | S312: P5 - PEGPL | T312: JB Issue | U312: N JB Soldering | V312: Repair | W312: 46007 | X312: =W312-A312 -> 19 | AB312: =IF(AND(F312="Closed",W312>=DATE(2025,12,1),W312<=DATE(2025,12,31)),"Closed in Dec","Other") -> Closed in Dec
... A394: 45988 | B394: 2025 | C394: Blupine Energy | D394: Utility and C&I | E394: Blupine Energy | F394: Closed | G394: Sharad Gangwar | H394: 8909173473 | J394: Diode Issue | K394: Bhopalgarh | L394: Rajasthan | M394: Cold Soldering | N394: 610 | O394: NSMG25060121376 | P394: =MID(O394,5,2) -> 25 | Q394: =MID(O394,7,2) -> 06 | R394: G2G | S394: P5 - PEGPL | T394: JB Issue | U394: N JB Soldering | V394: Repair | W394: 46009 | X394: =W394-A394 -> 21 | AB394: =IF(AND(F394="Closed",W394>=DATE(2025,12,1),W394<=DATE(2025,12,31)),"Closed in Dec","Other") -> Closed in Dec
A395: 45984 | B395: 2025 | C395: Continuum | D395: Utility and C&I | F395: Closed | G395: Sudarshan Bhosale | H395: 9972197300 | J395: Module Burn | K395: Bhuj | L395: Gujarat | M395: Module Damaged | N395: 580 | O395: NSMI25011276140 | P395: =MID(O395,5,2) -> 25 | Q395: =MID(O395,7,2) -> 01 | R395: G2G | S395: P4 - PEIPL | T395: Front glass broken | U395: Damage | V395: Rejected | W395: 46020 | X395: =W395-A395 -> 36 | AB395: =IF(AND(F395="Closed",W395>=DATE(2025,12,1),W395<=DATE(2025,12,31)),"Closed in Dec","Other") -> Closed in Dec
A396: 45984 | B396: 2025 | C396: Continuum | D396: Utility and C&I | F396: Closed | G396: Sudarshan Bhosale | H396: 9972197300 | J396: Module Burn | K396: Bhuj | L396: Gujarat | M396: Module Damaged | N396: 580 | O396: NSMI25011264135 | P396: =MID(O396,5,2) -> 25 | Q396: =MID(O396,7,2) -> 01 | R396: G2G | S396: P4 - PEIPL | T396: Front glass broken | U396: Damage | V396: Rejected | W396: 46020 | X396: =W396-A396 -> 36 | AB396: =IF(AND(F396="Closed",W396>=DATE(2025,12,1),W396<=DATE(2025,12,31)),"Closed in Dec","Other") -> Closed in Dec
A397: 45984 | B397: 2025 | C397: Continuum | D397: Utility and C&I | F397: Closed | G397: Sudarshan Bhosale | H397: 9972197300 | J397: Module Burn | K397: Bhuj | L397: Gujarat | M397: Module Damaged | N397: 580 | O397: NSMI25011263862 | P397: =MID(O397,5,2) -> 25 | Q397: =MID(O397,7,2) -> 01 | R397: G2G | S397: P4 - PEIPL | T397: Front glass broken & burning | U397: Damage | V397: Rejected | W397: 46020 | X397: =W397-A397 -> 36 | AB397: =IF(AND(F397="Closed",W397>=DATE(2025,12,1),W397<=DATE(2025,12,31)),"Closed in Dec","Other") -> Closed in Dec
A398: 45984 | B398: 2025 | C398: Continuum | D398: Utility and C&I | F398: Closed | G398: Sudarshan Bhosale | H398: 9972197300 | J398: Module Burn | K398: Bhuj | L398: Gujarat | M398: Module Damaged | N398: 580 | O398: NSMI25011289757 | P398: =MID(O398,5,2) -> 25 | Q398: =MID(O398,7,2) -> 01 | R398: G2G | S398: P4 - PEIPL | T398: Front glass broken | U398: Damage | V398: Rejected | W398: 46020 | X398: =W398-A398 -> 36 | AB398: =IF(AND(F398="Closed",W398>=DATE(2025,12,1),W398<=DATE(2025,12,31)),"Closed in Dec","Other") -> Closed in Dec
A399: 45984 | B399: 2025 | C399: Continuum | D399: Utility and C&I | F399: Closed | G399: Sudarshan Bhosale | H399: 9972197300 | J399: Module Burn | K399: Bhuj | L399: Gujarat | M399: Module Damaged | N399: 580 | O399: NSMI25011289755 | P399: =MID(O399,5,2) -> 25 | Q399: =MID(O399,7,2) -> 01 | R399: G2G | S399: P4 - PEIPL | T399: Front glass broken & burning | U399: Damage | V399: Rejected | W399: 46020 | X399: =W399-A399 -> 36 | AB399: =IF(AND(F399="Closed",W399>=DATE(2025,12,1),W399<=DATE(2025,12,31)),"Closed in Dec","Other") -> Closed in Dec
A400: 45984 | B400: 2025 | C400: Continuum | D400: Utility and C&I | F400: Closed | G400: Sudarshan Bhosale | H400: 9972197300 | J400: Module Burn | K400: Bhuj | L400: Gujarat | M400: Module Damaged | N400: 580 | O400: NSMI25040144970 | P400: =MID(O400,5,2) -> 25 | Q400: =MID(O400,7,2) -> 04 | R400: G2G | S400: P4 - PEIPL | T400: Front glass broken & burning | U400: Damage | V400: Rejected | W400: 46020 | X400: =W400-A400 -> 36 | AB400: =IF(AND(F400="Closed",W400>=DATE(2025,12,1),W400<=DATE(2025,12,31)),"Closed in Dec","Other") -> Closed in Dec
...

Sheet Sheet1
D1: aaa
C2: NSMI24110755622 | D2: =VLOOKUP(C2,'Monthly Report Dec-25'!O:O,1,0) -> #N/A | F2: NSMI24110755622 | G2: =VLOOKUP(F2,'Monthly Report Dec-25'!#REF!,1,0) -> #REF!
C3: NSMI24100693901 | D3: =VLOOKUP(C3,'Monthly Report Dec-25'!O:O,1,0) -> #N/A | F3: NSMI24100693901 | G3: =VLOOKUP(F3,'Monthly Report Dec-25'!O118:O118,1,0) -> #N/A
C4: NSMI24100719165 | D4: =VLOOKUP(C4,'Monthly Report Dec-25'!O:O,1,0) -> #N/A | F4: NSMI24100719165 | G4: =VLOOKUP(F4,'Monthly Report Dec-25'!O118:O119,1,0) -> #N/A
C5: NSMI24110758207 | D5: =VLOOKUP(C5,'Monthly Report Dec-25'!O:O,1,0) -> #N/A | F5: NSMI24110758207 | G5: =VLOOKUP(F5,'Monthly Report Dec-25'!O118:O120,1,0) -> #N/A
C6: NSMI24110758250 | D6: =VLOOKUP(C6,'Monthly Report Dec-25'!O:O,1,0) -> #N/A | F6: NSMI24110758250 | G6: =VLOOKUP(F6,'Monthly Report Dec-25'!O118:O121,1,0) -> #N/A
C7: NSMI24110763670 | D7: =VLOOKUP(C7,'Monthly Report Dec-25'!O:O,1,0) -> #N/A | F7: NSMI24110763670 | G7: =VLOOKUP(F7,'Monthly Report Dec-25'!O118:O122,1,0) -> #N/A
C8: NSMI24110762009 | D8: =VLOOKUP(C8,'Monthly Report Dec-25'!O:O,1,0) -> #N/A | F8: NSMI24110762009 | G8: =VLOOKUP(F8,'Monthly Report Dec-25'!O118:O123,1,0) -> #N/A
C9: NSMI24110761366 | D9: =VLOOKUP(C9,'Monthly Report Dec-25'!O:O,1,FALSE) -> #N/A | F9: NSMI24110761366 | G9: =VLOOKUP(F9,'Monthly Report Dec-25'!O118:O124,1,0) -> #N/A
C10: NSMI24100733638 | D10: =VLOOKUP(C10,'Monthly Report Dec-25'!O:O,2,0) -> #N/A | F10: NSMI24100733638 | G10: =VLOOKUP(F10,'Monthly Report Dec-25'!O118:O125,1,0) -> #N/A
C11: NSMI24100695077 | D11: =VLOOKUP(C11,'Monthly Report Dec-25'!O:O,1,0) -> #N/A | F11: NSMI24100695077 | G11: =VLOOKUP(F11,'Monthly Report Dec-25'!O118:O126,1,0) -> #N/A
C12: NSMI24100725741 | D12: =VLOOKUP(C12,'Monthly Report Dec-25'!O:O,1,0) -> #N/A | F12: NSMI24100725741 | G12: =VLOOKUP(F12,'Monthly Report Dec-25'!O118:O127,1,0) -> #N/A
C13: NSMI24110789579 | D13: =VLOOKUP(C13,'Monthly Report Dec-25'!O:O,1,0) -> #N/A | F13: NSMI24110789579 | G13: =VLOOKUP(F13,'Monthly Report Dec-25'!O118:O128,1,0) -> #N/A
C14: NSMI24110789569 | D14: =VLOOKUP(C14,'Monthly Report Dec-25'!O:O,1,0) -> #N/A | F14: NSMI24110789569 | G14: =VLOOKUP(F14,'Monthly Report Dec-25'!O118:O129,1,0) -> #N/A
C15: NSMI24110789553 | D15: =VLOOKUP(C15,'Monthly Report Dec-25'!O:O,1,0) -> #N/A | F15: NSMI24110789553 | G15: =VLOOKUP(F15,'Monthly Report Dec-25'!O118:O130,1,0) -> #N/A
C16: NSMI24110789578 | D16: =VLOOKUP(C16,'Monthly Report Dec-25'!O:O,1,0) -> #N/A | F16: NSMI24110789578 | G16: =VLOOKUP(F16,'Monthly Report Dec-25'!O118:O131,1,0) -> #N/A
C17: NSMI24110789577 | D17: =VLOOKUP(C17,'Monthly Report Dec-25'!O:O,1,0) -> #N/A | F17: NSMI24110789577 | G17: =VLOOKUP(F17,'Monthly Report Dec-25'!O118:O132,1,0) -> #N/A
C18: NSMI24110789633 | D18: =VLOOKUP(C18,'Monthly Report Dec-25'!O:O,1,0) -> #N/A | F18: NSMI24110789633 | G18: =VLOOKUP(F18,'Monthly Report Dec-25'!O118:O133,1,0) -> #N/A
C19: NSMI24110789584 | D19: =VLOOKUP(C19,'Monthly Report Dec-25'!O:O,1,0) -> #N/A | F19: NSMI24110789584 | G19: =VLOOKUP(F19,'Monthly Report Dec-25'!O118:O134,1,0) -> #N/A
C20: NSMI24110789609 | D20: =VLOOKUP(C20,'Monthly Report Dec-25'!O:O,1,0) -> #N/A | F20: NSMI24110789609 | G20: =VLOOKUP(F20,'Monthly Report Dec-25'!O118:O135,1,0) -> #N/A
C21: NSMI24110789631 | D21: =VLOOKUP(C21,'Monthly Report Dec-25'!O:O,1,0) -> #N/A | F21: NSMI24110789631 | G21: =VLOOKUP(F21,'Monthly Report Dec-25'!O118:O136,1,0) -> #N/A
C22: NSMI24110759924 | D22: =VLOOKUP(C22,'Monthly Report Dec-25'!O:O,1,0) -> #N/A | F22: NSMI24110759924 | G22: =VLOOKUP(F22,'Monthly Report Dec-25'!O118:O137,1,0) -> #N/A
C23: NSMI24100725027 | D23: =VLOOKUP(C23,'Monthly Report Dec-25'!O:O,1,0) -> #N/A | F23: NSMI24100725027 | G23: =VLOOKUP(F23,'Monthly Report Dec-25'!O118:O138,1,0) -> #N/A
C24: NSMI24110759989 | D24: =VLOOKUP(C24,'Monthly Report Dec-25'!O:O,1,0) -> #N/A | F24: NSMI24110759989 | G24: =VLOOKUP(F24,'Monthly Report Dec-25'!O118:O139,1,0) -> #N/A
C25: NSMI24100698708 | D25: =VLOOKUP(C25,'Monthly Report Dec-25'!O:O,1,0) -> #N/A | F25: NSMI24100698708 | G25: =VLOOKUP(F25,'Monthly Report Dec-25'!O118:O140,1,0) -> #N/A
C26: NSMI24110788200 | D26: =VLOOKUP(C26,'Monthly Report Dec-25'!O:O,1,0) -> #N/A | F26: NSMI24110788200 | G26: =VLOOKUP(F26,'Monthly Report Dec-25'!O118:O141,1,0) -> #N/A
C27: NSMI24110740240 | D27: =VLOOKUP(C27,'Monthly Report Dec-25'!O:O,1,0) -> #N/A | F27: NSMI24110740240 | G27: =VLOOKUP(F27,'Monthly Report Dec-25'!O118:O142,1,0) -> #N/A
C28: NSMI24110740246 | D28: =VLOOKUP(C28,'Monthly Report Dec-25'!O:O,1,0) -> #N/A | F28: NSMI24110740246 | G28: =VLOOKUP(F28,'Monthly Report Dec-25'!O118:O143,1,0) -> #N/A
C29: NSMI24110740321 | D29: =VLOOKUP(C29,'Monthly Report Dec-25'!O:O,1,0) -> #N/A | F29: NSMI24110740321 | G29: =VLOOKUP(F29,'Monthly Report Dec-25'!O118:O144,1,0) -> #N/A
C30: NSMI24100717544 | D30: =VLOOKUP(C30,'Monthly Report Dec-25'!O:O,1,0) -> #N/A | F30: NSMI24100717544 | G30: =VLOOKUP(F30,'Monthly Report Dec-25'!O118:O145,1,0) -> #N/A
C31: NSMI24110739230 | D31: =VLOOKUP(C31,'Monthly Report Dec-25'!O:O,1,0) -> #N/A | F31: NSMI24110739230 | G31: =VLOOKUP(F31,'Monthly Report Dec-25'!O118:O146,1,0) -> #N/A
C32: NSMI24110739374 | D32: =VLOOKUP(C32,'Monthly Report Dec-25'!O:O,1,0) -> #N/A | F32: NSMI24110739374 | G32: =VLOOKUP(F32,'Monthly Report Dec-25'!O118:O147,1,0) -> #N/A
C33: NSMI24100735430 | D33: =VLOOKUP(C33,'Monthly Report Dec-25'!O:O,1,0) -> #N/A | F33: NSMI24100735430 | G33: =VLOOKUP(F33,'Monthly Report Dec-25'!O118:O148,1,0) -> #N/A
C34: NSMI24100729540 | D34: =VLOOKUP(C34,'Monthly Report Dec-25'!O:O,1,0) -> #N/A | F34: NSMI24100729540 | G34: =VLOOKUP(F34,'Monthly Report Dec-25'!O118:O149,1,0) -> #N/A
C35: NSMI24110790910 | D35: =VLOOKUP(C35,'Monthly Report Dec-25'!O:O,1,0) -> #N/A | F35: NSMI24110790910 | G35: =VLOOKUP(F35,'Monthly Report Dec-25'!O118:O150,1,0) -> #N/A
C36: NSMI24110791179 | D36: =VLOOKUP(C36,'Monthly Report Dec-25'!O:O,1,0) -> #N/A | F36: NSMI24110791179 | G36: =VLOOKUP(F36,'Monthly Report Dec-25'!O118:O151,1,0) -> #N/A
C37: NSMI24110791107 | D37: =VLOOKUP(C37,'Monthly Report Dec-25'!O:O,1,0) -> #N/A | F37: NSMI24110791107 | G37: =VLOOKUP(F37,'Monthly Report Dec-25'!O118:O152,1,0) -> #N/A
C38: NSMI24100732031 | D38: =VLOOKUP(C38,'Monthly Report Dec-25'!O:O,1,0) -> #N/A | F38: NSMI24100732031 | G38: =VLOOKUP(F38,'Monthly Report Dec-25'!O118:O153,1,0) -> #N/A
C39: NSMI24100729559 | D39: =VLOOKUP(C39,'Monthly Report Dec-25'!O:O,1,0) -> #N/A | F39: NSMI24100729559 | G39: =VLOOKUP(F39,'Monthly Report Dec-25'!O118:O154,1,0) -> #N/A
C40: NSMI24110740809 | D40: =VLOOKUP(C40,'Monthly Report Dec-25'!O:O,1,0) -> #N/A | F40: NSMI24110740809 | G40: =VLOOKUP(F40,'Monthly Report Dec-25'!O118:O155,1,0) -> #N/A
C41: NSMI24110777590 | D41: =VLOOKUP(C41,'Monthly Report Dec-25'!O:O,1,0) -> #N/A | F41: NSMI24110777590 | G41: =VLOOKUP(F41,'Monthly Report Dec-25'!O118:O156,1,0) -> #N/A
C42: NSMI24110758961 | D42: =VLOOKUP(C42,'Monthly Report Dec-25'!O:O,1,0) -> #N/A | F42: NSMI24110758961 | G42: =VLOOKUP(F42,'Monthly Report Dec-25'!O118:O157,1,0) -> #N/A
C43: NSMI24100736237 | D43: =VLOOKUP(C43,'Monthly Report Dec-25'!O:O,1,0) -> #N/A | F43: NSMI24100736237 | G43: =VLOOKUP(F43,'Monthly Report Dec-25'!O118:O158,1,0) -> #N/A
C44: NSMI24100716542 | D44: =VLOOKUP(C44,'Monthly Report Dec-25'!O:O,1,0) -> #N/A | F44: NSMI24100716542 | G44: =VLOOKUP(F44,'Monthly Report Dec-25'!O118:O159,1,0) -> #N/A
C45: NSMI24100737380 | D45: =VLOOKUP(C45,'Monthly Report Dec-25'!O:O,1,0) -> #N/A | F45: NSMI24100737380 | G45: =VLOOKUP(F45,'Monthly Report Dec-25'!O118:O160,1,0) -> #N/A
C46: NSMI24100710778 | D46: =VLOOKUP(C46,'Monthly Report Dec-25'!O:O,1,0) -> #N/A | F46: NSMI24100710778 | G46: =VLOOKUP(F46,'Monthly Report Dec-25'!O118:O161,1,0) -> #N/A
C47: NSMI24110759259 | D47: =VLOOKUP(C47,'Monthly Report Dec-25'!O:O,1,0) -> #N/A | F47: NSMI24110759259 | G47: =VLOOKUP(F47,'Monthly Report Dec-25'!O118:O162,1,0) -> #N/A
C48: NSMI24110742148 | D48: =VLOOKUP(C48,'Monthly Report Dec-25'!O:O,1,0) -> #N/A | F48: NSMI24110742148 | G48: =VLOOKUP(F48,'Monthly Report Dec-25'!O118:O163,1,0) -> #N/A
C49: NSMI24100716310 | D49: =VLOOKUP(C49,'Monthly Report Dec-25'!O:O,1,0) -> #N/A | F49: NSMI24100716310 | G49: =VLOOKUP(F49,'Monthly Report Dec-25'!O118:O164,1,0) -> #N/A
C50: NSMI24100723179 | D50: =VLOOKUP(C50,'Monthly Report Dec-25'!O:O,1,0) -> #N/A | F50: NSMI24100723179 | G50: =VLOOKUP(F50,'Monthly Report Dec-25'!O118:O165,1,0) -> #N/A
C51: NSMI24100696447 | D51: =VLOOKUP(C51,'Monthly Report Dec-25'!O:O,1,0) -> #N/A | F51: NSMI24100696447 | G51: =VLOOKUP(F51,'Monthly Report Dec-25'!O118:O166,1,0) -> #N/A
C52: NSMI24110783403 | D52: =VLOOKUP(C52,'Monthly Report Dec-25'!O:O,1,0) -> #N/A | F52: NSMI24110783403 | G52: =VLOOKUP(F52,'Monthly Report Dec-25'!O118:O167,1,0) -> #N/A
C53: NSMI24110781851 | D53: =VLOOKUP(C53,'Monthly Report Dec-25'!O:O,1,0) -> #N/A | F53: NSMI24110781851 | G53: =VLOOKUP(F53,'Monthly Report Dec-25'!O118:O168,1,0) -> #N/A
C54: NSMI24110761454 | D54: =VLOOKUP(C54,'Monthly Report Dec-25'!O:O,1,0) -> #N/A | F54: NSMI24110761454 | G54: =VLOOKUP(F54,'Monthly Report Dec-25'!O118:O169,1,0) -> #N/A
C55: NSMI24110756935 | D55: =VLOOKUP(C55,'Monthly Report Dec-25'!O:O,1,0) -> #N/A | F55: NSMI24110756935 | G55: =VLOOKUP(F55,'Monthly Report Dec-25'!O118:O170,1,0) -> #N/A
C56: NSMI24110766652 | D56: =VLOOKUP(C56,'Monthly Report Dec-25'!O:O,1,0) -> #N/A | F56: NSMI24110766652 | G56: =VLOOKUP(F56,'Monthly Report Dec-25'!O118:O171,1,0) -> #N/A
C57: NSMI24100733989 | D57: =VLOOKUP(C57,'Monthly Report Dec-25'!O:O,1,0) -> #N/A | F57: NSMI24100733989 | G57: =VLOOKUP(F57,'Monthly Report Dec-25'!O118:O172,1,0) -> #N/A
C58: NSMI24110784677 | D58: =VLOOKUP(C58,'Monthly Report Dec-25'!O:O,1,0) -> #N/A | F58: NSMI24110784677 | G58: =VLOOKUP(F58,'Monthly Report Dec-25'!O118:O173,1,0) -> #N/A
C59: NSMI24110784723 | D59: =VLOOKUP(C59,'Monthly Report Dec-25'!O:O,1,0) -> #N/A | F59: NSMI24110784723 | G59: =VLOOKUP(F59,'Monthly Report Dec-25'!O118:O174,1,0) -> #N/A
C60: NSMI24100738428 | D60: =VLOOKUP(C60,'Monthly Report Dec-25'!O:O,1,0) -> #N/A | F60: NSMI24100738428 | G60: =VLOOKUP(F60,'Monthly Report Dec-25'!O118:O175,1,0) -> #N/A
C61: NSMI24100738463 | D61: =VLOOKUP(C61,'Monthly Report Dec-25'!O:O,1,0) -> #N/A | F61: NSMI24100738463 | G61: =VLOOKUP(F61,'Monthly Report Dec-25'!O118:O176,1,0) -> #N/A
C62: NSMI24110783301 | D62: =VLOOKUP(C62,'Monthly Report Dec-25'!O:O,1,0) -> #N/A | F62: NSMI24110783301 | G62: =VLOOKUP(F62,'Monthly Report Dec-25'!O118:O177,1,0) -> #N/A
C63: NSMI24110783312 | D63: =VLOOKUP(C63,'Monthly Report Dec-25'!O:O,1,0) -> #N/A | F63: NSMI24110783312 | G63: =VLOOKUP(F63,'Monthly Report Dec-25'!O118:O178,1,0) -> #N/A
C64: ----------------------- | D64: =VLOOKUP(C64,'Monthly Report Dec-25'!O:O,1,0) -> #N/A | F64: ----------------------- | G64: =VLOOKUP(F64,'Monthly Report Dec-25'!O118:O179,1,0) -> #N/A
C65: NSMI24110769086 | D65: =VLOOKUP(C65,'Monthly Report Dec-25'!O:O,1,0) -> #N/A | F65: NSMI24110769086 | G65: =VLOOKUP(F65,'Monthly Report Dec-25'!O118:O180,1,0) -> #N/A
C66: NSMI24110783890 | D66: =VLOOKUP(C66,'Monthly Report Dec-25'!O:O,1,0) -> #N/A | F66: NSMI24110783890 | G66: =VLOOKUP(F66,'Monthly Report Dec-25'!O118:O181,1,0) -> #N/A
C67: NSMI24110786374 | D67: =VLOOKUP(C67,'Monthly Report Dec-25'!O:O,1,0) -> #N/A | F67: NSMI24110786374 | G67: =VLOOKUP(F67,'Monthly Report Dec-25'!O119:O182,1,0) -> #N/A

Sheet Sheet6
F1: State | L1: Complaint Raised By | N1: Resolution Type | P1: JB Issue
F2: Gujarat | H2: {=_xlfn.UNIQUE('Monthly Report Dec-25'!C2:C417)} -> Madhav Infra Projects Ltd. | L2: Madhav Infra Projects Ltd. | N2: Repair | P2: Module Damaged
A3: Row Labels | B3: Count of Complaint Raised By | F3: Maharashtra | H3: True Sun Trading Company | L3: TRUE SUN TRADING COMPANY | N3: Rejected | P3: Cold Soldering
A4: Axitec Energy | B4: 20 | F4: Kerala | H4: Panasonic | L4: Panasonic | N4: Replacement | P4: No Issue
A5: Panasonic | B5: 5 | F5: Telengana | H5: Continuum | L5: Continuum - JROPL | P5: JB Burn
A6: Solar Square | B6: 6 | F6: Chhattisgarh | H6: KVK Engineering | L6: KVK ENGINEERING | P6: Burn Module
A7: TRUE SUN TRADING COMPANY | B7: 2 | F7: UP | H7: Blupine Jakson Green | L7: Blupine Jakson Green | P7: Improper ribbon/tab lead soldering
A8: Madhav Infra Projects Ltd. | B8: 98 | F8: Rajasthan | H8: Arsiga Solar | L8: Arsiga Solar | P8: Oil Marks on the module
A9: Continuum - JROPL | B9: 11 | F9: Karnataka | H9: Solar Square | L9: Solar Square | P9: Not related to Premier Complaints
A10: KVK ENGINEERING | B10: 1 | H10: Shakti Pump | L10: Shakti Pump
A11: (blank) | H11: Blupine Energy | L11: Blupine Energy
A12: Blupine Jakson Green | B12: 58 | H12: ORB Energy | L12: Orb Energy
A13: Arsiga Solar | B13: 9 | H13: Axitec Energy | L13: Axitec Energy
A14: Shakti Pump | B14: 1 | L14: Continuum
A15: Blupine Energy | B15: 181
A16: Orb Energy | B16: 1
A17: Continuum | B17: 23
A18: Grand Total | B18: 416
